SrNo.,Job ID,Institution,URL,list id,location,Job Title,advice,agency,agent,analytics,asset,authentication,automation,business,cash,chief,collaborative,connectivity,contract,corporate,credit,currency,cyber,data,development,digital,director,electronic,equity,executive,expertise,finance,financial,framework,fraud,funding,global,identity,income,information,insurance,integration,interest,internal,investment,investor,leader,legal,lending,liquidity,loan,loss,management,manager,managing,manual,market,network,officer,operating,operational,payment,personal,policy,portfolio,pricing,product,quality,rate,regulatory,reporting,research,resource,revenue,sale,security,senior,service,settlement,social,structure,system,tax,technology,trading,transaction
0, P199137,Discover Financials,https://jobs.discover.com/job/9213911/account-specialist-new-castle-de/,1,"New Castle, DE",Account Specialist,0,0,0,0,0,0,0,1,0,0,0,0,0,0,1,0,0,0,0,0,0,0,0,0,0,0,3,0,0,0,0,0,0,0,0,0,0,0,0,0,0,0,0,0,0,0,0,0,0,0,0,0,0,0,0,0,0,0,0,0,0,0,0,0,0,0,0,0,0,0,0,6,0,0,0,2,0,0,0,0
1, P100276_S1,Discover Financials,https://jobs.discover.com/job/9216773/manager-operations-communications-training-riverwoods-il/,1,"Riverwoods, IL",Manager Operations – Communications & Training,0,0,0,0,0,0,0,4,0,0,0,0,0,0,0,0,0,0,1,0,0,0,0,0,0,0,3,0,0,0,0,0,0,0,0,0,0,1,0,0,1,0,0,0,0,0,0,0,0,0,0,1,0,0,2,0,0,0,0,0,0,0,0,0,1,0,0,0,0,0,0,0,0,0,0,0,0,0,0,0
2, P125455_S4,Discover Financials,https://jobs.discover.com/job/9216775/principal-technical-consultant-houston-tx/,1,"Houston, TX",Principal Technical Consultant,0,0,0,0,0,0,0,4,0,0,0,0,0,0,0,0,0,0,1,0,0,0,0,0,0,0,3,0,0,0,0,0,0,0,0,0,0,0,0,0,0,0,0,0,0,0,0,0,0,0,0,0,0,0,0,0,0,0,0,0,9,0,0,0,1,0,0,0,0,0,0,0,0,0,0,1,0,0,0,0
3, P170356_S2,Discover Financials,https://jobs.discover.com/job/9216777/lead-technical-consultant-riverwoods-il/,1,"Riverwoods, IL",Lead Technical Consultant,0,0,0,0,0,0,0,5,0,0,0,0,0,0,0,0,0,0,0,0,0,0,0,0,0,0,4,0,2,0,0,0,0,0,0,0,0,0,0,0,0,0,0,0,0,0,2,0,1,0,0,0,0,0,1,0,0,0,0,0,7,0,0,0,0,0,0,0,0,0,0,0,0,1,0,1,0,1,0,0
4, P199170,Discover Financials,https://jobs.discover.com/job/9216779/payments-innovation-research-consultant-riverwoods-il/,1,"Riverwoods, IL",Payments Innovation Research Consultant,0,0,0,0,0,0,0,4,0,0,0,0,0,0,0,0,0,1,3,0,0,0,0,0,0,0,3,0,0,0,1,0,0,0,0,0,0,2,0,0,0,0,0,0,0,0,1,0,1,0,2,0,0,0,0,2,0,0,0,0,2,0,0,0,0,3,0,0,0,1,0,0,0,0,0,0,0,1,0,0
5, P199204_S1,Discover Financials,https://jobs.discover.com/job/9216780/director-distinguished-technical-fellow-chicago-il/,1,"Chicago, IL","Director, Distinguished Technical Fellow",0,0,0,2,0,0,1,3,0,0,0,0,0,0,0,0,0,6,2,0,0,0,0,0,0,0,3,0,0,0,0,0,0,0,0,0,0,0,0,0,1,0,0,0,0,0,0,0,0,0,0,0,0,0,0,0,0,0,0,0,1,0,0,0,0,0,0,0,0,0,1,0,0,0,0,0,0,4,0,2
6, P117028_S3,Discover Financials,https://jobs.discover.com/job/9216774/director-sr-counsel-public-co-riverwoods-il/,1,"Riverwoods, IL",Director & Sr. Counsel Public Co,4,0,0,0,0,0,0,0,0,0,0,0,0,4,0,0,0,0,0,0,2,0,0,3,0,1,3,0,0,0,0,0,0,0,0,0,0,1,0,1,0,5,0,0,0,0,2,0,1,0,0,0,1,0,0,0,0,0,0,0,0,0,0,0,0,0,0,0,0,0,1,0,0,0,0,0,0,0,1,0
7, P153417_S2,Discover Financials,https://jobs.discover.com/job/9216776/senior-manager-communications-planning-strategy-riverwoods-il/,1,"Riverwoods, IL","Senior Manager, Communications Planning & Strategy",0,0,0,0,0,0,0,0,0,1,0,0,0,5,1,0,0,0,0,0,0,0,0,2,0,0,3,0,0,0,0,0,0,0,0,0,0,6,0,0,0,0,0,0,0,0,6,0,1,0,0,0,0,0,0,0,0,0,0,0,0,0,0,0,0,0,0,0,0,0,1,0,0,0,0,0,0,0,0,0
8, P198995,Discover Financials,https://jobs.discover.com/job/9216778/senior-data-analyst-riverwoods-il/,1,"Riverwoods, IL",Senior Data Analyst,0,0,0,0,0,0,0,7,0,0,0,0,0,0,0,0,0,12,2,0,0,0,0,0,0,0,5,0,0,0,0,0,0,0,0,0,0,0,0,0,0,0,0,0,0,0,4,0,0,1,0,0,0,0,0,0,0,0,0,0,0,0,0,0,3,0,0,0,0,0,0,1,0,0,0,0,0,0,0,0
9, P107435_S1,Discover Financials,https://jobs.discover.com/job/9210089/lead-strategic-financial-analyst-riverwoods-il/,1,"Riverwoods, IL",Lead Strategic Financial Analyst,1,0,0,0,0,0,0,7,0,0,0,0,0,0,0,0,0,0,0,0,0,0,0,0,0,0,12,0,0,0,0,0,0,0,0,0,0,0,3,0,0,0,0,0,0,0,1,0,0,0,0,0,0,0,0,0,0,0,0,1,1,0,0,0,0,0,0,0,0,0,0,0,0,0,0,0,0,0,0,0
10, P116554_S2,Discover Financials,https://jobs.discover.com/job/9211949/principal-data-analyst-riverwoods-il/,1,"Riverwoods, IL",Principal Data Analyst,0,0,0,2,0,0,0,7,0,0,0,0,0,0,3,0,0,14,0,3,0,0,0,0,1,0,7,0,0,0,0,0,0,0,0,0,0,2,0,0,0,1,0,0,0,0,5,0,0,0,0,0,0,0,1,1,0,0,0,0,1,0,0,0,0,0,0,0,0,0,0,0,0,1,0,0,0,1,0,0
11, P135276_S4,Discover Financials,https://jobs.discover.com/job/9211952/associate-advanced-analytics-analyst-riverwoods-il/,1,"Riverwoods, IL",Associate Advanced Analytics Analyst,0,0,0,3,0,0,0,12,1,0,0,0,0,0,0,0,0,1,0,1,0,0,0,0,0,0,4,0,0,0,1,0,0,0,0,0,0,1,0,0,0,0,0,0,0,0,0,0,0,0,0,2,0,0,0,0,0,0,0,0,0,0,0,0,0,0,0,0,0,0,0,0,0,0,0,0,0,0,0,0
12, P198841,Discover Financials,https://jobs.discover.com/job/9211954/principal-solutions-architect-vendor-software-solutions-riverwoods-il/,1,"Riverwoods, IL","Principal Solutions Architect, Vendor Software Solutions",0,0,0,0,0,1,0,1,0,0,0,0,0,0,0,0,0,1,4,3,0,0,0,0,0,0,3,0,1,0,0,0,0,3,0,1,0,0,0,0,0,0,0,0,0,0,2,0,0,0,0,0,0,0,0,0,0,0,1,0,0,0,0,0,0,0,0,0,0,1,0,0,0,0,0,0,0,5,0,0
13, P199060,Discover Financials,https://jobs.discover.com/job/9211956/lead-project-manager-riverwoods-il/,1,"Riverwoods, IL",Lead Project Manager,0,0,0,0,0,0,0,3,0,0,0,0,0,0,0,0,0,0,1,0,0,0,0,0,0,0,3,0,0,0,0,0,0,0,0,0,0,0,0,0,0,0,0,0,0,0,0,0,1,0,0,0,0,0,1,0,0,0,0,0,0,0,0,0,0,0,0,0,0,0,0,0,0,0,0,0,0,5,0,0
14, P100242_S1,Discover Financials,https://jobs.discover.com/job/9211948/senior-executive-relationship-manager-technology-partnerships-remote/,1,Remote,Senior Executive Relationship Manager- Technology Partnerships,0,0,0,0,0,0,0,6,0,0,0,0,0,0,0,0,0,0,4,0,0,0,0,0,0,0,3,0,0,0,2,0,0,0,0,0,0,2,0,0,2,1,0,0,0,0,1,1,1,0,1,2,0,0,0,1,0,0,0,0,1,0,0,0,0,0,0,1,0,0,1,0,0,0,0,0,0,3,0,2
15, P134994_S3,Discover Financials,https://jobs.discover.com/job/9211951/senior-manager-compliance-programs-riverwoods-il/,1,"Riverwoods, IL",Senior Manager Compliance Programs,0,0,0,0,0,0,0,0,0,0,0,0,0,0,0,0,0,2,1,0,0,0,1,0,1,0,3,0,0,0,0,0,0,0,0,0,0,0,0,0,0,0,0,0,4,0,6,0,0,0,0,0,0,0,0,0,1,0,0,0,0,0,0,2,0,0,0,0,0,0,0,0,0,0,0,0,0,0,0,0
16, P198209,Discover Financials,https://jobs.discover.com/job/9211953/lead-business-analyst-riverwoods-il/,1,"Riverwoods, IL",Lead Business Analyst,0,0,0,0,0,0,0,7,0,0,0,0,0,0,0,0,0,2,1,0,0,0,0,0,0,0,3,0,0,0,0,0,0,1,0,0,0,0,0,0,0,0,0,0,0,0,0,0,0,0,0,0,0,0,0,0,0,0,0,0,0,1,0,0,0,0,0,0,0,0,0,0,0,0,0,4,0,1,0,0
17, P199059,Discover Financials,https://jobs.discover.com/job/9211955/lead-project-manager-riverwoods-il/,1,"Riverwoods, IL",Lead Project Manager,0,0,0,0,0,0,0,3,0,0,0,0,0,0,0,0,0,0,1,0,0,0,0,0,0,0,3,0,0,0,0,0,0,0,0,0,0,0,0,0,0,0,0,0,0,0,0,0,1,0,0,0,0,0,1,0,0,0,0,0,0,0,0,0,0,0,0,0,0,0,0,0,0,0,0,0,0,5,0,0
18, P199146,Discover Financials,https://jobs.discover.com/job/9211957/lead-recovery-strategy-specialist-riverwoods-il/,1,"Riverwoods, IL",Lead Recovery Strategy Specialist,0,0,0,0,0,0,0,6,0,0,0,0,0,0,0,0,0,1,0,0,0,0,0,0,0,0,3,0,7,0,0,0,0,0,0,0,0,0,0,0,0,0,0,0,0,2,2,0,0,0,0,0,0,0,0,0,0,0,0,0,0,0,0,0,0,0,0,0,0,0,0,0,0,0,0,0,0,0,0,0
19, P192700,Discover Financials,https://jobs.discover.com/job/9206123/senior-principal-talent-consultant-riverwoods-il/,1,"Riverwoods, IL",Senior Principal Talent Consultant,0,0,0,0,0,0,0,3,0,0,0,0,0,0,0,0,0,0,2,0,0,0,0,0,2,0,3,0,0,0,0,0,0,0,0,0,0,1,0,0,0,0,0,0,0,0,10,1,0,0,0,0,0,0,0,0,0,0,0,0,0,0,0,0,0,0,0,0,0,0,1,0,0,2,0,0,0,0,0,0
20, P190590_S2,Discover Financials,https://jobs.discover.com/job/9206122/talent-management-consultant-riverwoods-il/,1,"Riverwoods, IL",Talent Management Consultant,0,0,0,0,0,0,0,2,0,0,0,0,0,1,0,0,0,0,8,0,0,0,0,0,1,0,4,1,0,0,0,0,0,0,0,0,0,2,0,0,0,0,0,0,0,0,11,0,0,0,0,0,0,0,0,0,0,0,0,0,0,0,0,0,0,0,0,0,0,0,1,0,0,2,0,0,0,0,0,0
21, P199196,Discover Financials,https://jobs.discover.com/job/9208482/customer-service-representative-phoenix-az/,1,"Phoenix, AZ",Customer Service Representative,0,0,0,0,0,0,0,1,0,0,0,0,0,0,1,0,0,0,0,0,0,0,0,0,0,0,3,0,0,0,0,0,0,0,0,0,0,0,0,0,0,0,0,0,0,0,0,0,0,0,0,0,0,0,0,0,0,0,0,0,0,0,0,0,0,0,0,0,0,0,0,6,0,0,0,2,0,0,0,0
22, P138441_S2,Discover Financials,https://jobs.discover.com/job/8957385/talent-acquisition-hr-recruiter-west-valley-city-ut/,1,"West Valley City, UT",Talent Acquisition HR Recruiter,0,0,0,0,0,0,0,7,0,0,0,0,0,0,0,0,0,1,0,0,0,0,0,0,0,0,3,0,0,0,0,0,0,0,0,0,0,2,0,0,0,0,0,0,0,0,1,2,0,0,2,0,0,0,0,0,0,0,0,0,1,1,1,0,0,0,0,0,0,0,0,0,0,0,0,1,0,0,0,0
23, P195606_S1,Discover Financials,https://jobs.discover.com/job/9201452/sr-manager-enterprise-data-architecture-riverwoods-il/,1,"Riverwoods, IL","Sr. Manager, Enterprise Data Architecture",0,0,0,4,1,0,0,4,0,0,0,0,0,0,0,0,0,19,2,0,0,0,0,0,0,0,2,0,0,0,0,0,0,1,0,0,0,0,0,0,0,0,0,0,0,0,3,0,0,0,0,0,0,0,1,0,0,0,0,0,0,0,0,0,0,0,0,0,0,0,0,0,0,0,0,0,0,1,0,2
24, P198731,Discover Financials,https://jobs.discover.com/job/9145751/senior-quality-engineer-riverwoods-il/,1,"Riverwoods, IL",Senior Quality Engineer,0,0,0,0,0,0,1,0,0,0,0,0,0,0,0,0,0,0,1,0,0,0,0,0,0,0,3,0,0,0,0,0,0,0,0,1,0,0,0,0,0,0,0,0,0,0,1,0,0,0,0,0,0,0,0,0,0,0,0,0,1,8,0,0,0,0,0,0,0,0,0,0,0,0,1,0,0,1,0,0
25, P120907_S3,Discover Financials,https://jobs.discover.com/job/9201451/senior-principal-cybersecurity-architect-riverwoods-il/,1,"Riverwoods, IL",Senior Principal Cybersecurity Architect,0,0,0,0,0,1,0,8,0,0,0,0,0,2,0,0,4,4,1,1,0,0,0,1,1,0,3,0,0,0,0,0,0,4,0,0,0,2,0,0,0,1,0,0,0,0,2,0,0,0,0,0,0,1,4,0,0,0,0,0,0,0,0,3,0,0,0,0,0,6,1,0,0,0,0,1,0,0,0,0
26, P138762_S2,Discover Financials,https://jobs.discover.com/job/9204398/senior-aml-investigator-riverwoods-il/,1,"Riverwoods, IL",Senior AML Investigator,0,0,0,0,0,0,0,0,0,0,0,0,0,0,0,0,0,1,0,0,0,0,0,0,0,0,7,0,0,0,0,0,0,1,0,0,0,2,0,0,0,0,0,0,0,0,0,0,0,1,0,0,0,0,0,0,0,1,0,0,0,0,0,4,0,0,0,0,0,0,0,0,0,0,0,0,0,0,0,0
27, P198882,Discover Financials,https://jobs.discover.com/job/9204402/senior-credit-risk-analyst-riverwoods-il/,1,"Riverwoods, IL",Senior Credit Risk Analyst,0,0,0,0,0,0,0,7,0,0,0,0,0,0,4,0,0,0,0,0,0,0,0,0,0,1,3,1,0,0,0,0,0,2,0,0,0,1,0,0,0,0,0,0,0,7,3,0,1,0,0,0,0,0,0,0,0,0,0,0,0,0,0,0,0,0,0,0,0,0,0,0,0,0,0,0,0,0,0,0
28, P199195,Discover Financials,https://jobs.discover.com/job/9204406/entry-level-fraud-representative-evening-phoenix-az/,1,"Phoenix, AZ","Entry Level, Fraud Representative (Evening)",0,0,0,0,0,0,0,0,0,0,0,0,0,0,0,0,0,0,0,0,0,0,0,0,0,0,3,0,2,0,0,0,0,3,0,0,0,0,0,0,0,0,0,0,0,2,0,0,0,2,0,0,0,0,0,0,0,0,0,0,0,0,0,0,0,0,0,0,0,0,0,0,0,0,0,0,0,0,0,4
29, P156729_S1,Discover Financials,https://jobs.discover.com/job/9204399/lead-programmer-riverwoods-il/,1,"Riverwoods, IL",Lead Programmer,0,0,0,0,0,0,0,3,0,0,0,0,0,0,1,0,0,0,1,0,0,0,0,0,1,0,4,0,0,0,0,0,0,0,0,0,0,0,0,0,0,0,0,0,0,0,0,0,0,0,0,0,0,0,0,0,0,0,0,0,2,1,0,0,0,0,0,0,0,0,0,0,0,0,0,0,0,1,0,0
30, P178256_S1,Discover Financials,https://jobs.discover.com/job/9204401/senior-manager-information-security-governance-riverwoods-il/,1,"Riverwoods, IL",Senior Manager Information Security Governance,0,0,0,0,0,0,0,3,0,0,0,0,0,0,0,0,0,0,1,0,0,0,0,0,0,0,6,0,0,0,0,0,0,5,0,0,0,0,0,0,0,1,0,0,0,0,1,0,1,0,0,0,0,0,0,0,0,0,0,0,0,0,0,2,0,0,0,0,0,1,0,0,0,0,0,0,0,1,0,0
31, P198883,Discover Financials,https://jobs.discover.com/job/9204403/principal-credit-risk-analyst-riverwoods-il/,1,"Riverwoods, IL",Principal Credit Risk Analyst,0,0,0,0,0,0,0,11,0,0,0,0,0,0,4,0,0,1,0,0,0,0,0,0,0,1,3,3,0,0,0,0,0,1,0,0,0,1,0,0,0,0,0,0,0,10,4,0,1,0,0,0,0,0,0,0,0,0,0,0,1,0,0,0,0,0,0,1,0,0,0,0,0,0,0,0,0,0,0,0
32, P199138,Discover Financials,https://jobs.discover.com/job/9204405/principal-center-communications-new-castle-de/,1,"New Castle, DE",Principal Center Communications,0,0,0,0,0,0,0,4,0,0,0,0,0,1,0,0,0,0,0,0,0,0,0,1,0,0,3,0,0,0,0,0,0,1,0,0,0,2,0,0,0,0,0,0,0,0,0,0,0,0,0,0,0,0,0,0,0,0,0,0,0,0,0,0,0,0,0,0,0,0,0,0,0,0,0,0,0,0,0,0
33,b ID: 45760,Discover Financials,https://jobs.discover.com/job/8856024/discover-bank-inbound-sales-west-valley-city-ut/,1,"West Valley City, UT",Discover Bank – Inbound Sales,0,0,0,0,0,0,0,0,0,0,0,0,0,0,1,0,0,0,0,0,0,0,0,0,0,0,3,0,0,0,0,1,0,0,0,0,0,0,0,0,0,0,0,0,10,0,0,0,0,0,0,0,0,0,0,0,0,0,0,0,0,0,0,0,0,0,0,0,0,0,0,0,0,0,0,0,0,0,0,0
34, P102799,Discover Financials,https://jobs.discover.com/job/9200002/senior-consultant-behavioral-insights-riverwoods-il/,1,"Riverwoods, IL",Senior Consultant Behavioral Insights,0,0,0,2,0,0,0,8,0,0,0,0,0,0,0,0,0,3,0,0,0,0,0,0,0,0,3,0,0,0,0,0,0,0,0,0,0,2,0,0,0,0,0,0,0,0,0,0,0,0,2,1,0,0,0,0,0,0,0,0,0,1,0,0,0,2,0,0,0,0,1,1,0,0,0,0,0,0,0,0
35, P199114,Discover Financials,https://jobs.discover.com/job/9200006/technical-product-owner-web-platform-riverwoods-il/,1,"Riverwoods, IL","Technical Product Owner, Web Platform",0,0,0,0,0,0,0,5,0,0,0,0,0,0,0,0,0,0,1,3,0,0,0,0,0,0,3,0,0,0,0,0,0,0,0,0,0,0,0,0,0,0,0,0,0,0,1,0,0,0,0,0,0,0,0,0,0,0,0,0,6,0,0,0,0,0,0,0,0,0,0,0,0,0,0,0,0,0,0,0
36, P158184_S1,Discover Financials,https://jobs.discover.com/job/9200004/lead-programmer-wfm-phoenix-az/,1,"Phoenix, AZ",Lead Programmer- WFM,0,0,0,0,0,0,1,7,0,0,0,0,0,0,0,0,0,1,2,0,0,0,0,0,0,0,3,0,0,0,0,0,0,0,0,0,0,1,0,0,1,0,0,0,0,0,1,0,0,0,0,0,0,0,0,0,0,0,0,0,1,1,0,0,0,0,0,0,0,0,0,0,0,0,0,3,0,1,0,0
37, P199113,Discover Financials,https://jobs.discover.com/job/9200005/lead-software-engineer-web-platform-riverwoods-il/,1,"Riverwoods, IL","Lead Software Engineer, Web Platform",0,0,0,0,0,0,0,3,0,0,0,0,0,0,0,0,0,0,1,4,0,0,0,0,0,0,3,0,0,0,0,0,0,0,0,0,0,0,0,0,0,0,0,0,0,0,0,0,0,0,0,0,0,0,0,0,0,0,0,0,2,1,0,0,0,0,0,0,0,0,0,0,0,0,0,0,0,0,0,0
38, P132034_S1,Discover Financials,https://jobs.discover.com/job/9200003/senior-data-analyst-phoenix-az/,1,"Phoenix, AZ",Senior Data Analyst,0,0,0,0,0,0,0,6,0,0,0,0,0,0,1,0,0,8,2,0,0,0,0,0,1,0,4,0,0,0,0,0,0,0,0,0,0,0,0,0,0,0,0,0,0,0,3,0,0,0,0,0,0,0,0,0,0,0,0,0,0,1,0,0,0,0,0,0,0,0,0,0,0,0,0,0,0,1,0,0
39, P199147,Discover Financials,https://jobs.discover.com/job/9200007/account-representative-phoenix-az/,1,"Phoenix, AZ",Account Representative,0,0,0,0,0,0,0,0,0,0,0,0,0,0,0,0,0,1,0,0,0,0,0,0,0,0,3,0,0,0,0,0,0,2,0,0,0,0,0,0,0,0,0,0,0,0,0,0,0,0,0,0,0,0,0,0,0,0,0,0,0,0,0,0,0,0,0,0,0,0,2,2,0,0,0,3,0,0,0,0
40, P166048_S1,Discover Financials,https://jobs.discover.com/job/9001533/associate-production-operator-salt-lake-city-ut/,1,"Salt Lake City, UT",Associate Production Operator,0,0,0,0,0,0,0,0,0,0,0,0,0,0,0,0,0,0,0,0,0,0,0,0,0,0,4,0,0,0,0,0,0,0,0,0,0,0,0,0,0,0,0,0,0,0,0,0,0,0,0,0,0,0,0,0,0,0,0,0,1,2,0,0,0,0,0,0,0,0,0,1,0,0,0,1,0,0,0,0
41, P102488_S2,Discover Financials,https://jobs.discover.com/job/9193452/director-corporate-risk-strategic-planning-riverwoods-il/,1,"Riverwoods, IL",Director Corporate Risk Strategic Planning,0,0,0,0,0,0,0,2,0,4,0,0,0,5,0,0,0,1,0,0,0,0,0,2,0,2,7,0,0,0,0,0,0,0,0,0,0,0,0,0,0,0,0,0,0,0,8,0,1,0,0,0,2,1,0,0,0,0,0,0,3,0,0,0,1,0,0,0,0,0,5,0,0,0,1,0,0,0,0,0
42, P199149,Discover Financials,https://jobs.discover.com/job/9193458/part-time-customer-service-west-valley-city-ut/,1,"West Valley City, UT",Part Time Customer Service,0,0,0,0,0,0,0,0,0,0,0,0,0,0,0,0,0,1,0,0,0,0,0,0,0,0,4,0,0,0,0,0,0,2,0,0,0,0,0,0,0,0,0,0,0,0,0,0,0,0,0,0,0,0,0,0,0,0,0,0,0,0,0,0,0,0,0,0,0,0,2,3,0,0,0,3,0,0,0,0
43, P196953,Discover Financials,https://jobs.discover.com/job/9193454/lead-credit-risk-analyst-riverwoods-il/,1,"Riverwoods, IL",Lead Credit Risk Analyst,0,0,0,0,0,0,0,3,0,0,0,0,0,0,4,0,0,0,0,0,0,0,0,0,0,0,6,0,0,0,0,0,0,1,0,0,0,0,0,0,0,0,0,0,0,2,1,0,0,0,0,0,0,0,1,0,0,0,0,0,0,0,0,0,0,0,0,0,0,0,0,0,0,0,0,0,0,0,0,0
44, P167928,Discover Financials,https://jobs.discover.com/job/9193453/senior-advanced-analytics-analyst-riverwoods-il/,1,"Riverwoods, IL",Senior Advanced Analytics Analyst,0,0,0,4,0,0,0,6,0,0,0,0,0,0,0,0,0,13,1,0,0,0,0,0,0,0,5,0,0,0,0,0,0,0,0,0,0,0,0,0,0,0,0,0,0,0,2,0,0,0,0,0,0,0,0,0,0,0,0,0,0,2,0,0,0,0,0,0,0,0,0,0,0,0,0,0,0,0,0,0
45, P197498,Discover Financials,https://jobs.discover.com/job/9193455/lead-scrum-master-chicago-il/,1,"Chicago, IL",Lead Scrum Master,0,0,0,0,0,0,0,1,0,0,0,0,0,0,1,0,0,0,0,0,0,0,0,0,0,0,4,0,0,0,0,0,0,0,0,0,0,0,0,0,0,0,0,0,0,0,0,0,0,0,0,0,0,0,0,0,0,0,0,0,4,0,0,0,0,0,0,0,0,0,0,0,0,0,0,0,0,1,0,0
46, P199110,Discover Financials,https://jobs.discover.com/job/9193457/soc-analyst-3rd-shift-riverwoods-il/,1,"Riverwoods, IL",SOC Analyst (3rd Shift),0,0,0,1,0,0,0,0,0,0,0,0,0,0,0,0,0,6,0,0,0,0,0,0,0,0,2,0,0,0,0,0,0,7,0,0,2,0,0,0,0,0,0,0,0,0,0,0,0,0,0,0,0,1,0,0,0,0,0,0,0,0,0,0,0,0,0,0,0,19,0,0,0,0,0,0,0,0,0,0
47,: P26409_S3,Discover Financials,https://jobs.discover.com/job/9193459/lead-risk-operations-program-management-riverwoods-il/,1,"Riverwoods, IL",Lead Risk Operations Program Management,0,0,0,0,0,0,0,1,0,0,0,0,0,0,0,0,0,0,0,0,0,0,0,0,0,0,6,0,0,0,0,0,0,0,0,0,0,1,0,0,0,0,0,0,0,0,1,0,0,0,0,0,0,0,3,0,0,0,0,0,0,0,0,0,0,0,0,0,0,0,0,0,0,0,0,0,0,0,0,0
48, P198823,Discover Financials,https://jobs.discover.com/job/9186514/underwriting-coach-new-castle-de/,1,"New Castle, DE",Underwriting Coach,0,0,0,0,0,0,0,2,0,0,1,0,0,0,1,0,0,0,3,0,0,0,4,0,0,0,2,0,0,2,0,0,0,3,0,0,0,0,0,0,0,0,0,0,18,0,1,1,0,0,0,0,0,0,1,0,0,0,0,0,0,11,0,0,0,2,2,0,0,0,1,1,0,0,0,4,0,0,0,0
49, P133779_S7,Discover Financials,https://jobs.discover.com/job/9188524/lead-aml-compliance-specialist-riverwoods-il/,1,"Riverwoods, IL",Lead AML Compliance Specialist,0,0,0,0,0,0,1,0,0,0,0,0,0,1,0,0,0,4,2,0,0,0,0,0,0,0,3,0,0,0,0,0,0,0,0,0,0,2,0,0,0,0,0,0,0,0,1,0,0,0,0,0,0,1,1,1,0,0,0,0,0,1,0,0,0,0,0,0,0,0,0,0,0,0,0,1,0,0,0,0
50, P197580_S1,Discover Financials,https://jobs.discover.com/job/9188528/senior-manager-modeling-phoenix-az/,1,"Phoenix, AZ",Senior Manager Modeling,0,0,0,2,0,0,0,10,0,0,0,0,0,0,0,0,0,3,1,0,0,0,0,0,0,0,6,0,1,0,0,0,0,1,0,0,0,0,0,0,0,0,0,0,0,0,3,0,0,0,0,0,0,0,0,0,1,1,0,0,0,0,0,0,0,0,0,0,0,0,0,0,0,0,0,0,0,1,0,0
51, P163264_S2,Discover Financials,https://jobs.discover.com/job/9188526/modeler-phoenix-az/,1,"Phoenix, AZ",Modeler,0,0,0,1,0,0,0,6,0,0,0,0,0,0,0,0,0,6,0,0,0,0,0,0,0,1,5,0,6,0,0,0,0,4,0,0,0,0,0,0,0,0,0,0,0,0,2,0,0,0,0,0,0,0,0,0,0,1,0,0,0,0,0,0,1,0,0,0,0,0,0,0,0,0,0,0,0,0,0,0
52, P116046,Discover Financials,https://jobs.discover.com/job/9188523/senior-manager-cash-management-position-management-riverwoods-il/,1,"Riverwoods, IL",Senior Manager Cash Management – Position Management,0,0,0,0,0,0,0,1,6,0,0,0,0,1,0,1,0,0,1,0,0,0,0,0,0,0,3,0,0,0,0,0,0,0,0,0,0,1,0,0,0,0,0,0,0,0,3,0,0,0,0,0,0,0,0,0,0,0,0,0,0,0,0,0,0,0,0,0,0,0,0,0,0,0,0,0,0,0,0,0
53, P198824,Discover Financials,https://jobs.discover.com/job/9188529/sr-underwriter-new-castle-de/,1,"New Castle, DE",Sr. Underwriter,0,0,0,0,0,0,0,0,0,0,0,0,0,0,3,0,0,1,0,0,0,0,5,0,0,0,3,0,0,0,0,0,2,1,0,0,0,2,0,0,0,0,1,0,26,0,1,0,0,0,0,0,0,0,0,0,0,0,0,0,0,1,0,2,0,0,0,0,0,0,1,1,0,0,0,0,0,0,0,0
54, P152508_S1,Discover Financials,https://jobs.discover.com/job/9188525/senior-data-analyst-phoenix-az/,1,"Phoenix, AZ",Senior Data Analyst,0,0,0,2,0,0,0,7,0,0,0,0,0,0,0,0,0,8,2,0,0,0,0,0,0,0,4,0,1,0,0,0,0,0,0,0,0,0,0,0,0,0,0,0,0,0,1,0,0,0,0,0,0,0,0,0,0,0,0,0,0,0,0,0,0,0,0,0,0,0,0,0,0,0,0,0,0,0,0,0
55, P118496_S1,Discover Financials,https://jobs.discover.com/job/9050858/lead-java-developer-riverwoods-il/,1,"Riverwoods, IL",Lead Java Developer,0,0,0,0,0,0,0,3,0,0,1,0,0,0,0,0,0,0,2,0,0,0,0,0,2,0,3,0,0,0,0,0,0,0,0,0,0,0,0,0,0,0,0,0,0,0,0,0,0,0,0,0,0,0,0,0,0,0,0,0,1,1,0,0,0,0,0,0,0,0,0,0,0,0,0,0,0,1,0,0
56, P159858_S1,Discover Financials,https://jobs.discover.com/job/9182078/ccps-analyst-new-albany-oh/,1,"New Albany, OH",CCPS Analyst,0,0,0,0,0,0,0,1,0,0,0,0,0,0,0,0,0,0,0,0,0,0,0,1,0,0,3,0,1,0,0,0,0,1,0,0,0,2,0,0,0,0,0,0,0,0,4,0,0,0,0,0,0,0,0,0,0,0,0,0,0,0,0,0,1,0,0,0,0,0,1,1,1,0,0,3,0,1,0,2
57, P102164_S5,Discover Financials,https://jobs.discover.com/job/9182076/lead-fraud-strategy-specialist-riverwoods-il/,1,"Riverwoods, IL",Lead Fraud Strategy Specialist,0,0,0,1,0,0,0,2,0,0,0,0,0,0,1,0,0,3,0,0,0,0,0,0,0,0,3,0,13,0,0,0,0,1,0,0,0,0,0,0,0,0,0,0,0,0,2,0,0,0,0,0,0,0,1,0,0,0,0,0,0,0,0,0,0,0,0,0,0,0,0,0,0,0,0,0,0,0,0,4
58, P191918_S2,Discover Financials,https://jobs.discover.com/job/9182081/api-devops-engineer-riverwoods-il/,1,"Riverwoods, IL",API/DevOps Engineer,0,0,0,0,0,0,4,1,0,0,0,0,0,0,0,0,0,0,2,0,0,0,0,0,0,0,3,0,0,0,0,0,0,0,0,0,0,2,0,0,1,0,0,0,0,0,1,0,0,0,0,0,0,0,0,0,0,3,0,0,3,1,0,0,0,0,0,0,0,4,1,0,0,0,0,1,0,2,0,0
59,b ID: 46756,Discover Financials,https://jobs.discover.com/job/9182075/lead-cecl-model-development-riverwoods-il/,1,"Riverwoods, IL","Lead, CECL Model Development",0,0,0,1,0,0,0,2,0,0,0,0,0,0,2,0,0,3,0,0,0,0,0,0,0,0,2,0,0,0,0,0,0,0,0,0,0,0,0,0,0,0,0,0,0,4,1,1,0,0,0,0,0,0,0,0,0,0,0,0,0,1,0,0,0,0,0,0,0,0,0,0,0,0,0,0,0,0,0,0
60, P177487_S2,Discover Financials,https://jobs.discover.com/job/9182079/product-owner-riverwoods-il/,1,"Riverwoods, IL",Product Owner,0,0,0,0,0,0,0,2,0,0,0,0,0,0,1,0,0,2,1,13,0,0,0,0,0,0,6,0,0,0,0,0,0,0,0,0,0,0,0,0,0,0,0,0,0,0,1,0,0,0,0,0,0,0,0,0,0,0,0,0,3,1,0,1,1,0,0,0,0,0,0,0,0,1,0,0,0,0,0,0
61, P179055_S2,Discover Financials,https://jobs.discover.com/job/9182080/product-owner-riverwoods-il/,1,"Riverwoods, IL",Product Owner,0,0,0,0,0,0,0,7,0,0,0,0,0,0,0,0,0,0,0,0,0,0,0,0,0,0,4,0,0,0,0,0,0,0,0,1,0,0,0,0,0,0,0,0,0,0,0,0,0,0,0,0,0,0,0,0,0,0,0,0,7,0,0,0,0,0,0,0,0,0,0,3,0,0,0,0,0,1,0,0
62, P196200_S1,Discover Financials,https://jobs.discover.com/job/9182082/lead-data-analyst-riverwoods-il/,1,"Riverwoods, IL",Lead Data Analyst,0,0,0,0,0,0,0,2,0,0,0,0,0,0,0,0,0,11,2,0,0,0,0,0,0,0,4,0,0,0,0,0,0,0,0,0,0,0,0,0,0,0,0,0,0,0,1,0,0,0,0,0,0,0,0,0,0,0,0,0,0,0,0,0,0,0,0,0,0,0,0,0,0,0,0,0,0,0,0,0
63, P198925,Discover Financials,https://jobs.discover.com/job/9170473/principle-database-system-engineer-riverwoods-il/,1,"Riverwoods, IL",Principle Database System Engineer,0,0,0,0,0,0,0,1,0,0,0,1,0,0,0,0,0,0,0,0,0,0,0,0,0,0,3,0,0,0,0,0,0,2,0,0,0,2,0,0,0,0,0,0,0,0,3,0,0,0,0,0,0,1,0,0,0,0,0,0,0,0,0,0,0,0,0,0,0,0,0,0,0,0,0,9,0,2,0,0
64, P110087_S1,Discover Financials,https://jobs.discover.com/job/9171993/senior-manager-ebusiness-site-marketing-riverwoods-il/,1,"Riverwoods, IL","Senior Manager, EBusiness Site Marketing",0,1,0,0,0,0,0,8,0,0,0,0,0,1,0,0,0,3,3,3,0,0,0,0,0,0,3,0,0,0,0,0,0,0,0,0,0,0,0,0,1,0,0,0,0,0,9,0,2,0,0,0,0,0,0,0,0,0,0,0,0,0,0,0,0,0,0,0,0,0,0,0,0,0,0,0,0,3,0,0
65, P198697,Discover Financials,https://jobs.discover.com/job/9171995/customer-service-representative-day-shift-west-valley-city-ut/,1,"West Valley City, UT",Customer Service Representative – Day Shift,0,0,0,0,0,0,0,0,0,0,0,0,0,0,1,0,0,0,0,0,0,0,0,0,0,0,3,0,0,0,0,0,0,0,0,0,0,0,0,0,0,0,0,0,0,0,0,0,0,0,0,0,0,0,0,0,0,0,0,0,0,0,0,0,0,0,0,0,0,0,0,6,0,0,0,2,0,0,0,0
66, P176898_S2,Discover Financials,https://jobs.discover.com/job/9171994/lead-user-experience-designer-riverwoods-il/,1,"Riverwoods, IL",Lead User Experience Designer,0,2,0,0,0,0,0,1,0,0,0,0,0,0,2,0,0,0,0,2,0,0,0,0,0,0,5,0,0,0,0,0,0,0,0,0,0,0,0,0,0,1,0,0,0,0,1,0,1,0,0,0,0,0,0,0,0,0,2,0,0,0,0,0,0,0,0,0,0,0,0,0,0,0,0,0,0,0,0,0
67, P198820,Discover Financials,https://jobs.discover.com/job/9171996/lead-data-engineer-riverwoods-il/,1,"Riverwoods, IL",Lead Data Engineer,0,0,0,0,0,0,0,5,0,0,1,0,0,0,0,0,0,28,2,0,0,0,0,0,1,0,5,0,0,0,0,0,0,1,0,1,0,0,0,0,0,0,0,0,0,0,0,0,0,0,0,0,0,0,0,1,0,0,0,0,0,1,0,0,0,1,0,0,0,0,1,0,0,0,0,0,0,2,0,0
68, P120853,Discover Financials,https://jobs.discover.com/job/8927377/lead-human-resources-workday-analyst-riverwoods-il/,1,"Riverwoods, IL",Lead Human Resources Workday Analyst,0,0,0,1,0,0,0,11,0,0,1,0,0,1,0,0,0,11,3,0,0,0,0,0,0,0,4,0,0,0,0,0,0,2,0,3,0,0,0,0,1,1,0,0,0,0,6,1,3,0,0,0,0,0,0,0,0,1,0,0,1,1,0,1,2,0,0,0,0,6,0,2,0,0,1,6,0,4,0,0
69, P198311,Discover Financials,https://jobs.discover.com/job/9065010/salesforce-lead-business-analyst-phoenix-az/,1,"Phoenix, AZ",SalesForce Lead Business Analyst,0,0,0,0,0,0,0,7,0,0,0,0,0,0,0,0,0,4,1,0,0,0,0,0,0,0,5,0,0,0,0,0,0,1,0,0,0,0,0,0,0,0,0,0,0,0,0,0,0,0,0,0,0,0,0,0,0,0,0,0,1,1,0,0,0,0,0,0,0,0,0,1,0,0,0,4,0,1,0,0
70, P197144,Discover Financials,https://jobs.discover.com/job/9168942/senior-programmer-riverwoods-il/,1,"Riverwoods, IL",Senior Programmer,0,0,0,0,0,0,0,2,0,0,0,0,0,0,0,0,0,1,2,1,0,0,0,0,0,0,3,0,0,0,0,0,0,0,0,1,0,1,0,0,0,0,0,0,0,0,0,0,0,0,0,0,0,0,0,0,0,0,0,0,1,0,0,0,0,0,1,0,0,1,0,0,0,0,0,2,0,1,0,0
71,b ID: 46069,Discover Financials,https://jobs.discover.com/job/8936175/senior-software-engineer-riverwoods-il/,1,"Riverwoods, IL",Senior Software Engineer,0,0,0,0,0,0,0,0,1,0,0,0,0,0,2,0,0,0,3,0,0,0,0,0,0,0,3,1,0,0,1,0,0,0,0,0,0,0,0,0,1,0,0,0,2,0,1,0,0,0,0,0,0,0,0,0,0,0,0,0,2,1,0,0,0,0,0,0,0,0,0,0,0,0,0,0,0,0,0,0
72, P195974_S2,Discover Financials,https://jobs.discover.com/job/9168941/senior-content-marketing-operations-specialist-riverwoods-il/,1,"Riverwoods, IL",Senior Content Marketing Operations Specialist,0,0,0,0,1,0,0,2,0,0,0,0,0,0,0,0,0,0,0,4,0,0,0,0,1,0,4,0,0,0,0,0,0,0,0,0,0,1,0,0,0,1,0,0,0,0,0,0,0,0,0,0,0,0,2,0,0,0,0,0,0,0,0,0,0,0,0,0,0,0,0,0,0,2,0,0,0,0,0,0
73, P196213,Discover Financials,https://jobs.discover.com/job/8882109/senior-talent-specialist-riverwoods-il/,1,"Riverwoods, IL",Senior Talent Specialist,0,0,0,0,0,0,0,1,0,0,0,0,0,0,0,0,0,1,0,0,0,0,0,0,0,0,3,0,0,0,0,0,0,0,0,0,0,1,0,0,0,0,0,0,0,0,2,0,0,0,2,0,0,0,0,0,0,0,0,0,0,0,0,0,0,1,0,0,0,0,0,0,0,3,0,0,0,0,0,0
74, P115754,Discover Financials,https://jobs.discover.com/job/9162373/devops-engineer-chicago-il/,1,"Chicago, IL",DevOps Engineer,0,0,0,2,0,0,1,3,0,0,0,0,0,0,0,0,0,5,1,0,0,0,0,0,1,0,4,0,0,0,0,0,0,0,0,2,0,0,0,0,0,0,0,0,0,0,1,0,1,0,0,0,0,0,0,0,0,0,0,0,0,0,0,0,0,0,0,0,0,0,0,0,0,0,0,1,0,1,0,0
75,: P25760_S2,Discover Financials,https://jobs.discover.com/job/9162377/senior-credit-risk-analyst-riverwoods-il/,1,"Riverwoods, IL",Senior Credit Risk Analyst,0,0,0,0,0,0,0,3,0,0,0,0,0,0,3,0,0,0,1,0,0,0,0,0,0,0,6,0,0,0,0,0,0,1,0,0,0,0,0,0,0,0,0,0,0,2,1,0,0,0,0,0,0,0,1,0,0,0,0,0,0,0,0,0,0,0,0,0,0,0,0,0,0,0,0,0,0,0,0,0
76, ID: P25998,Discover Financials,https://jobs.discover.com/job/9162378/lead-banking-business-analyst-riverwoods-il/,1,"Riverwoods, IL",Lead Banking Business Analyst,0,0,0,0,0,0,0,4,0,0,0,0,0,0,0,0,0,0,0,0,0,0,0,0,0,0,4,0,0,0,0,0,0,0,0,0,0,1,0,0,0,0,0,0,0,0,0,0,0,0,0,0,0,0,0,0,0,0,0,0,0,0,0,1,0,0,0,0,0,0,0,0,0,0,0,2,0,0,0,0
77, P198656,Discover Financials,https://jobs.discover.com/job/9155803/senior-manager-operations-strategy-riverwoods-il/,1,"Riverwoods, IL",Senior Manager Operations Strategy,0,0,0,0,0,0,0,2,0,0,0,0,0,0,0,0,0,0,1,0,0,0,0,0,0,0,3,0,0,0,0,0,0,0,0,0,0,0,0,0,0,0,0,0,0,0,0,0,1,0,0,0,0,0,0,0,0,0,0,0,0,0,0,0,0,0,0,0,0,0,0,0,0,0,0,1,0,0,0,0
78, P198826,Discover Financials,https://jobs.discover.com/job/9155805/senior-lean-change-agent-riverwoods-il/,1,"Riverwoods, IL",Senior LEAN Change Agent,0,0,0,0,0,0,0,5,0,0,0,0,0,0,0,0,0,0,0,0,0,0,0,0,0,0,3,0,0,0,0,0,0,0,0,0,0,0,0,0,1,0,0,0,0,0,3,0,0,0,0,0,0,0,0,0,0,0,0,0,0,0,0,0,0,0,0,0,0,0,0,0,0,0,0,1,0,0,0,0
79, P117206,Discover Financials,https://jobs.discover.com/job/9155802/director-senior-counsel-executive-compensation-riverwoods-il/,1,"Riverwoods, IL",Director & Senior Counsel Executive Compensation,1,0,0,0,0,0,0,2,0,0,0,0,0,4,0,0,0,0,0,0,4,0,0,3,0,1,4,0,0,0,0,0,0,0,0,0,0,1,0,0,2,5,0,0,0,0,2,0,0,0,0,0,0,0,0,0,0,0,0,0,0,0,0,4,0,0,0,1,0,0,0,0,0,0,0,0,1,0,0,0
80, P197384,Discover Financials,https://jobs.discover.com/job/8945754/background-investigator-new-castle-de/,1,"New Castle, DE",Background Investigator,0,0,0,0,0,0,0,0,0,0,0,0,0,2,0,0,0,0,0,0,0,0,0,0,1,0,3,0,0,0,1,0,0,1,0,0,0,2,0,0,0,1,0,0,0,0,2,0,0,0,0,0,0,0,0,0,0,0,0,0,0,0,0,0,0,0,0,0,0,3,0,0,0,0,0,0,0,0,0,0
81, P198825,Discover Financials,https://jobs.discover.com/job/9155804/lean-change-agent-riverwoods-il/,1,"Riverwoods, IL",LEAN Change Agent,0,0,0,0,0,0,0,2,0,0,0,0,0,0,0,0,0,0,0,0,0,0,0,0,0,0,4,0,0,0,0,0,0,0,0,0,0,0,0,0,1,0,0,0,0,0,3,0,0,0,0,0,0,0,0,0,0,0,0,0,0,0,0,0,0,0,0,0,0,0,0,0,0,0,0,1,0,0,0,0
82, P198835,Discover Financials,https://jobs.discover.com/job/9155806/account-specialist-new-albany-oh/,1,"New Albany, OH",Account Specialist,0,0,0,0,0,0,0,0,0,0,0,0,0,0,1,0,0,0,0,0,0,0,0,0,0,0,3,0,0,0,0,0,0,0,0,0,0,0,0,0,0,0,0,0,0,0,0,0,0,0,0,0,0,0,0,0,0,0,0,0,0,0,0,0,0,0,0,0,0,0,0,6,0,0,0,2,0,0,0,0
83, P197572,Discover Financials,https://jobs.discover.com/job/8963711/ccps-analyst-buckeye-oh/,1,"Buckeye, OH",CCPS Analyst,0,0,0,0,0,0,0,0,0,0,0,0,0,0,0,0,0,0,0,0,0,0,0,0,0,0,3,0,1,0,0,0,0,0,0,0,0,0,0,0,0,0,0,0,0,0,2,0,0,0,0,0,0,0,0,0,0,0,0,0,0,0,0,0,0,0,0,0,0,0,0,0,1,0,0,3,0,0,0,2
84, P198138,Discover Financials,https://jobs.discover.com/job/9158707/associate-production-operator-salt-lake-city-ut/,1,"Salt Lake City, UT",Associate Production Operator,0,0,0,0,0,0,0,1,0,0,0,0,0,0,0,0,0,0,0,0,0,0,0,0,0,0,3,0,0,0,0,0,0,0,0,0,0,0,0,0,0,0,0,0,0,0,0,0,0,0,0,0,0,0,0,0,0,0,0,0,1,3,0,0,0,0,0,0,0,0,0,1,0,0,0,1,0,0,0,0
85, P127232_S2,Discover Financials,https://jobs.discover.com/job/9158702/lead-data-analyst-riverwoods-il/,1,"Riverwoods, IL",Lead Data Analyst,0,0,0,5,0,0,0,3,0,0,0,0,0,0,0,0,0,13,2,1,0,0,0,0,1,0,4,0,0,0,0,0,0,0,0,0,0,0,0,0,0,0,0,0,0,0,3,0,0,0,0,0,0,0,0,0,0,0,0,0,0,0,0,0,2,0,0,0,0,0,0,0,0,0,0,0,0,0,0,0
86, P139242_S1,Discover Financials,https://jobs.discover.com/job/9158704/disputes-senior-product-manager-riverwoods-il/,1,"Riverwoods, IL",Disputes Senior Product Manager,0,0,0,0,0,0,0,10,0,0,0,0,0,0,0,0,0,5,5,0,0,0,0,0,0,0,5,0,0,0,1,0,0,2,0,1,0,1,0,0,0,0,0,0,0,0,0,0,0,0,0,0,0,0,2,3,0,1,1,0,8,0,0,0,0,0,0,0,0,0,0,0,0,0,0,1,0,7,0,2
87, P196920,Discover Financials,https://jobs.discover.com/job/9150332/campaign-unica-execution-support-programmer-riverwoods-il/,1,"Riverwoods, IL",Campaign Unica Execution & Support Programmer,0,0,0,0,0,0,0,0,0,0,0,0,0,0,0,0,0,0,1,0,0,0,0,0,0,0,3,0,0,0,0,0,0,0,0,0,0,0,0,0,0,0,0,0,0,0,1,0,0,0,0,0,0,0,0,0,0,0,0,0,0,0,0,0,0,0,0,0,0,0,0,0,0,0,0,0,0,0,0,0
88, P196919,Discover Financials,https://jobs.discover.com/job/9150331/senior-unica-programmer-riverwoods-il/,1,"Riverwoods, IL",Senior Unica Programmer,0,0,0,0,0,0,0,2,0,0,0,0,0,0,0,0,0,1,1,0,0,0,0,0,0,0,3,0,0,0,0,0,0,0,0,1,0,1,0,0,0,0,0,0,0,0,1,0,0,0,0,0,0,0,0,0,0,0,0,0,0,0,0,0,0,0,1,0,0,1,0,0,0,0,0,2,0,2,0,0
89, P197126,Discover Financials,https://jobs.discover.com/job/9150333/lead-robotic-process-automation-analyst-riverwoods-il/,1,"Riverwoods, IL",Lead Robotic Process Automation Analyst,0,0,0,0,0,0,6,16,0,0,0,0,0,0,0,0,0,0,0,0,0,0,0,0,1,0,3,0,0,0,0,0,0,0,0,0,0,2,1,0,0,0,0,0,0,0,1,0,0,0,0,0,0,1,1,0,0,0,0,0,0,0,0,0,0,0,0,0,0,0,0,1,0,0,0,1,0,4,0,0
90, P108921_S1,Discover Financials,https://jobs.discover.com/job/9153839/lead-business-systems-support-specialist-riverwoods-il/,1,"Riverwoods, IL",Lead Business Systems Support Specialist,0,0,0,0,0,0,0,3,0,0,0,0,0,0,0,0,0,0,0,0,0,0,0,0,0,0,3,0,0,0,0,0,0,1,0,0,0,0,0,0,0,0,0,0,0,0,1,0,0,0,0,0,0,0,0,0,0,0,0,0,0,0,0,0,1,0,0,0,0,0,0,0,0,0,0,3,0,1,0,0
91,: P25975_S3,Discover Financials,https://jobs.discover.com/job/9153844/lead-bt-risk-compliance-analyst-riverwoods-il/,1,"Riverwoods, IL",Lead BT Risk & Compliance Analyst,0,0,0,0,0,0,0,0,0,0,0,0,0,0,0,0,0,1,0,0,0,0,0,0,0,0,3,0,0,0,0,0,0,0,0,0,0,0,0,0,0,0,0,0,0,0,2,0,1,0,0,0,0,0,1,0,0,0,0,0,0,1,0,0,0,0,0,0,0,0,0,0,0,0,0,0,0,0,0,0
92, P198795,Discover Financials,https://jobs.discover.com/job/9153842/personal-loan-rep-phoenix-az/,1,"Phoenix, AZ",Personal Loan Rep,0,0,0,0,0,0,0,0,0,0,0,0,0,0,1,0,0,0,1,0,0,0,0,0,0,0,4,0,0,0,0,1,0,0,1,0,0,0,0,0,0,0,0,0,10,0,0,0,0,0,0,0,0,0,0,0,1,0,0,0,0,0,0,0,0,0,0,0,0,0,0,0,0,0,0,0,0,0,0,0
93, P172860_S1,Discover Financials,https://jobs.discover.com/job/9062317/manager-r-d-for-global-payments-innovation-riverwoods-il/,1,"Riverwoods, IL",Manager R&D for Global Payments Innovation,0,0,0,0,0,0,0,0,0,0,0,0,0,0,0,0,0,0,4,0,0,0,0,0,1,0,4,0,0,0,1,0,0,0,0,0,0,1,0,0,0,0,0,0,0,0,1,0,0,0,0,0,0,0,0,13,0,0,0,0,3,1,0,0,0,0,0,0,0,1,0,0,0,0,0,0,0,3,0,2
94,b ID: 46649,Discover Financials,https://jobs.discover.com/job/9147651/lead-compliance-specialist-salt-lake-city-ut/,1,"Salt Lake City, UT",Lead Compliance Specialist,0,0,0,0,0,0,0,6,0,0,0,0,0,0,0,0,0,0,0,0,0,0,0,0,0,0,3,0,0,0,0,0,0,0,0,0,0,0,0,0,0,1,0,0,0,0,3,2,0,1,0,0,0,0,0,0,0,0,0,0,1,1,0,5,0,1,0,0,0,0,3,0,0,0,0,1,0,0,0,0
95,b ID: 46651,Discover Financials,https://jobs.discover.com/job/9147653/principal-compliance-specialist-salt-lake-city-ut/,1,"Salt Lake City, UT",Principal Compliance Specialist,0,0,0,0,0,0,0,6,0,0,0,0,0,0,0,0,0,1,0,0,0,0,0,0,0,0,3,0,0,0,0,0,0,0,0,0,0,0,0,0,0,1,0,0,0,0,3,1,0,2,0,0,0,0,0,0,0,0,0,0,0,0,0,5,0,0,0,0,0,0,0,0,0,0,0,1,0,0,0,0
96,b ID: 46653,Discover Financials,https://jobs.discover.com/job/9147655/principal-compliance-specialist-riverwoods-il/,1,"Riverwoods, IL",Principal Compliance Specialist,0,0,0,0,0,0,0,6,0,0,0,0,0,0,0,0,0,1,0,0,0,0,0,0,0,0,3,0,0,0,0,0,0,0,0,0,0,0,0,0,0,1,0,0,0,0,3,1,0,2,0,0,0,0,0,0,0,0,0,0,0,0,0,5,0,0,0,0,0,0,0,0,0,0,0,1,0,0,0,0
97, P126865,Discover Financials,https://jobs.discover.com/job/9147659/principal-collections-analytics-riverwoods-il/,1,"Riverwoods, IL",Principal Collections Analytics,0,0,0,0,0,0,0,1,0,0,0,0,0,0,1,0,0,2,1,0,0,0,0,0,0,0,3,0,0,0,0,0,0,1,0,0,0,0,0,0,0,1,0,0,2,0,4,0,0,0,0,0,0,0,0,0,0,2,1,0,0,0,0,0,0,0,0,0,0,0,1,0,0,0,0,1,0,0,0,0
98, P158678_S4,Discover Financials,https://jobs.discover.com/job/9147660/director-business-insights-and-remediation-analytics-riverwoods-il/,1,"Riverwoods, IL","Director, Business Insights and Remediation Analytics",0,0,0,3,0,0,0,16,0,0,1,0,0,0,2,0,0,3,0,0,1,0,0,1,2,0,5,0,0,0,0,0,0,0,0,0,0,0,0,0,0,0,0,0,0,0,2,1,0,0,0,0,0,0,3,1,0,0,0,0,0,0,0,0,1,1,1,0,0,0,1,0,0,0,0,0,0,0,0,0
99, P197686,Discover Financials,https://jobs.discover.com/job/9147666/process-improvement-analyst-new-albany-oh/,1,"New Albany, OH",Process Improvement Analyst,0,0,0,0,0,0,0,3,0,0,0,0,0,0,0,0,0,0,2,0,0,0,0,0,0,0,3,0,0,0,0,0,0,0,0,0,0,0,0,0,0,0,0,0,0,0,0,0,0,1,0,0,0,0,1,0,0,0,0,0,0,0,0,0,0,0,0,0,0,0,0,0,0,0,0,0,0,0,0,0
100, P198261,Discover Financials,https://jobs.discover.com/job/9147668/principal-scrum-master-riverwoods-il/,1,"Riverwoods, IL",Principal SCRUM Master,0,0,0,0,0,0,0,1,0,0,0,0,0,0,0,0,0,2,2,0,0,0,0,1,0,0,3,0,0,0,0,0,0,2,0,0,0,0,0,0,0,0,0,0,0,0,0,1,0,0,0,0,0,0,0,0,0,0,0,0,2,0,0,0,0,0,0,0,0,0,0,0,0,0,0,0,0,1,0,0
101, P197580,Discover Financials,https://jobs.discover.com/job/9147664/fraud-modeling-senior-manager-phoenix-az/,1,"Phoenix, AZ",Fraud Modeling Senior Manager,0,0,0,2,0,0,0,8,0,0,0,0,0,0,0,0,0,1,1,0,0,0,0,0,0,0,4,0,1,0,0,0,0,0,0,0,0,5,0,0,0,0,0,0,0,0,2,0,0,0,0,0,0,0,0,0,1,0,0,0,0,0,0,2,0,0,0,0,0,0,0,0,0,0,0,0,0,1,0,0
102,b ID: 46650,Discover Financials,https://jobs.discover.com/job/9147652/lead-compliance-specialist-riverwoods-il/,1,"Riverwoods, IL",Lead Compliance Specialist,0,0,0,0,0,0,0,6,0,0,0,0,0,0,0,0,0,0,0,0,0,0,0,0,0,0,3,0,0,0,0,0,0,0,0,0,0,0,0,0,0,1,0,0,0,0,3,2,0,1,0,0,0,0,0,0,0,0,0,0,1,1,0,5,0,1,0,0,0,0,3,0,0,0,0,1,0,0,0,0
103,b ID: 46652,Discover Financials,https://jobs.discover.com/job/9147654/principal-compliance-specialist-new-albany-oh/,1,"New Albany, OH",Principal Compliance Specialist,0,0,0,0,0,0,0,6,0,0,0,0,0,0,0,0,0,1,0,0,0,0,0,0,0,0,3,0,0,0,0,0,0,0,0,0,0,0,0,0,0,1,0,0,0,0,3,1,0,2,0,0,0,0,0,0,0,0,0,0,0,0,0,5,0,0,0,0,0,0,0,0,0,0,0,1,0,0,0,0
104, P196822_S1,Discover Financials,https://jobs.discover.com/job/9147663/digital-marketing-campaign-management-riverwoods-il/,1,"Riverwoods, IL",Digital Marketing Campaign Management,0,0,0,0,0,0,0,2,0,0,0,0,0,0,1,0,0,0,0,2,0,0,0,0,0,0,4,0,0,0,0,0,0,0,0,0,0,2,0,0,0,1,0,0,0,0,1,0,0,0,0,0,0,0,0,0,0,0,1,0,1,0,0,0,0,2,0,0,0,0,0,0,0,0,0,0,0,1,0,0
105, P197685,Discover Financials,https://jobs.discover.com/job/9147665/process-improvement-analyst-riverwoods-il/,1,"Riverwoods, IL",Process Improvement Analyst,0,0,0,0,0,0,0,3,0,0,0,0,0,0,0,0,0,0,2,0,0,0,0,0,0,0,3,0,0,0,0,0,0,0,0,0,0,0,0,0,0,0,0,0,0,0,0,0,0,1,0,0,0,0,1,0,0,0,0,0,0,0,0,0,0,0,0,0,0,0,0,0,0,0,0,0,0,0,0,0
106,b ID: 46648,Discover Financials,https://jobs.discover.com/job/9147650/lead-compliance-specialist-phoenix-az/,1,"Phoenix, AZ",Lead Compliance Specialist,0,0,0,0,0,0,0,6,0,0,0,0,0,0,0,0,0,0,0,0,0,0,0,0,0,0,3,0,0,0,0,0,0,0,0,0,0,0,0,0,0,1,0,0,0,0,3,2,0,1,0,0,0,0,0,0,0,0,0,0,1,1,0,5,0,1,0,0,0,0,3,0,0,0,0,1,0,0,0,0
107, P121886,Discover Financials,https://jobs.discover.com/job/9147658/collection-strategy-and-analytics-manager-phoenix-az/,1,"Phoenix, AZ",Collection Strategy and Analytics Manager,0,0,0,4,0,0,0,8,0,0,2,0,0,0,1,0,0,3,2,2,0,0,0,0,0,0,3,0,0,0,0,0,0,0,0,0,0,0,0,0,1,0,0,0,0,0,2,0,1,0,0,0,0,0,0,0,0,0,1,0,0,0,0,0,1,0,0,0,0,0,0,0,0,0,0,0,0,0,0,0
108, P197714,Discover Financials,https://jobs.discover.com/job/9147667/model-risk-management-and-governance-consultant-riverwoods-il/,1,"Riverwoods, IL",Model Risk Management and Governance Consultant,0,0,0,7,0,0,0,5,0,0,1,0,0,0,4,0,0,2,2,0,0,0,0,0,0,0,6,3,0,0,0,0,0,0,0,0,0,2,0,0,0,0,0,0,0,0,2,0,0,0,1,0,0,1,0,0,0,0,0,0,0,0,0,0,0,0,0,0,0,0,1,0,0,0,0,0,0,2,0,0
109,b ID: 46620,Discover Financials,https://jobs.discover.com/job/9134534/lead-cloud-engineer-chicago-il/,1,"Chicago, IL",Lead Cloud Engineer,0,0,0,0,0,0,1,1,0,0,0,0,0,0,0,0,0,0,0,0,0,0,0,0,0,0,4,0,0,0,0,0,0,1,0,0,0,0,0,0,0,0,0,0,0,0,2,0,0,1,0,0,0,0,0,0,0,0,0,0,1,1,0,0,0,0,0,0,0,2,0,1,0,0,0,1,0,1,0,0
110,b ID: 46621,Discover Financials,https://jobs.discover.com/job/9134535/lead-cloud-engineer-new-albany-oh/,1,"New Albany, OH",Lead Cloud Engineer,0,0,0,0,0,0,1,1,0,0,0,0,0,0,0,0,0,0,0,0,0,0,0,0,0,0,4,0,0,0,0,0,0,1,0,0,0,0,0,0,0,0,0,0,0,0,2,0,0,1,0,0,0,0,0,0,0,0,0,0,1,1,0,0,0,0,0,0,0,2,0,1,0,0,0,1,0,1,0,0
111, P181119_S2,Discover Financials,https://jobs.discover.com/job/9134537/lead-cloud-engineer-riverwoods-il/,1,"Riverwoods, IL",Lead Cloud Engineer,0,0,0,0,0,0,1,1,0,0,0,0,0,0,0,0,0,0,0,0,0,0,0,0,0,0,4,0,0,0,0,0,0,1,0,0,0,0,0,0,0,0,0,0,0,0,2,0,0,1,0,0,0,0,0,0,0,0,0,0,1,1,0,0,0,0,0,0,0,2,0,1,0,0,0,1,0,1,0,0
112, P102783_S4,Discover Financials,https://jobs.discover.com/job/9130358/digital-product-owner-riverwoods-il/,1,"Riverwoods, IL",Digital Product Owner,0,0,0,0,0,0,0,6,0,0,0,0,0,0,0,0,0,0,1,2,0,0,0,0,1,0,4,0,0,0,5,0,0,2,0,0,0,0,0,0,0,1,0,0,0,0,3,1,1,0,0,1,0,0,0,0,0,0,0,0,3,0,0,0,0,0,0,0,0,0,0,0,0,0,0,1,0,1,0,0
113, P104142,Discover Financials,https://jobs.discover.com/job/9130359/senior-manager-analytics-riverwoods-il/,1,"Riverwoods, IL",Senior Manager Analytics,0,0,0,0,0,0,0,4,0,0,0,0,0,0,0,0,0,7,1,0,0,0,0,0,0,0,4,0,0,0,0,0,0,0,0,0,0,1,0,0,0,0,1,0,0,0,0,1,1,0,0,0,0,0,0,0,0,0,0,0,0,1,0,0,0,0,0,0,0,0,0,0,0,0,0,1,0,1,0,0
114, P197096,Discover Financials,https://jobs.discover.com/job/9132518/advanced-analytics-analyst-riverwoods-il/,1,"Riverwoods, IL",Advanced Analytics Analyst,0,0,0,1,0,0,0,5,0,0,0,0,0,0,0,0,0,6,0,0,0,0,0,0,0,0,3,0,0,0,0,0,0,0,0,0,0,0,0,0,0,0,0,0,0,0,0,0,0,0,0,0,0,0,0,0,0,0,0,0,0,0,0,0,0,0,0,0,0,0,0,0,0,0,0,0,0,0,0,0
115, P159164_S2,Discover Financials,https://jobs.discover.com/job/9132516/lead-business-controls-specialist-riverwoods-il/,1,"Riverwoods, IL",Lead Business Controls Specialist,0,0,0,0,0,0,0,4,0,0,0,0,0,0,0,0,0,1,0,0,0,0,0,0,0,0,6,0,0,0,0,0,0,0,0,0,0,0,0,0,0,0,0,0,0,0,2,1,0,0,0,0,0,0,1,0,0,0,0,0,0,0,0,1,0,0,0,0,0,0,0,0,0,0,0,0,0,0,0,0
116, P138991_S3,Discover Financials,https://jobs.discover.com/job/9132515/solutions-analyst-riverwoods-il/,1,"Riverwoods, IL",Solutions Analyst,0,0,0,0,0,0,0,5,0,0,0,0,0,2,0,0,0,0,3,0,0,0,0,0,0,0,6,0,0,0,0,0,0,0,0,0,0,1,0,0,0,0,0,0,0,0,3,0,0,0,0,0,0,0,0,0,0,0,0,0,0,0,0,0,0,0,0,0,0,0,0,0,0,0,0,0,0,0,0,0
117, P176014_S1,Discover Financials,https://jobs.discover.com/job/9132517/full-stack-developer-riverwoods-il/,1,"Riverwoods, IL",Full Stack Developer,0,0,0,0,0,0,0,5,0,0,0,0,0,0,0,0,0,0,4,0,0,0,0,0,1,0,3,0,0,0,0,0,0,0,0,1,0,0,0,0,0,0,0,0,0,0,0,0,0,0,0,0,0,0,0,0,0,0,0,0,1,1,0,0,1,0,0,0,0,0,0,0,0,0,0,0,0,1,0,0
118, P121281,Discover Financials,https://jobs.discover.com/job/9120993/director-modeling-card-marketing-and-acquisition-risk-riverwoods-il/,1,"Riverwoods, IL","Director, Modeling – Card Marketing and Acquisition Risk",0,0,0,2,0,0,0,4,0,0,0,0,0,0,0,0,0,4,1,0,0,0,0,0,0,0,3,0,0,0,0,0,0,0,0,0,0,0,0,0,0,0,0,0,0,0,1,0,0,0,0,0,0,0,0,0,0,0,0,0,0,0,0,0,0,0,0,0,0,0,0,0,0,0,0,0,0,1,0,0
119, P198599,Discover Financials,https://jobs.discover.com/job/9120995/vice-president-compliance-advisory-riverwoods-il/,1,"Riverwoods, IL","Vice President, Compliance Advisory",2,0,0,0,0,0,0,8,0,0,0,0,0,0,0,0,0,0,1,0,0,0,0,1,1,0,2,0,0,0,0,0,0,0,0,0,0,1,0,0,2,2,0,0,0,0,1,0,0,0,0,0,0,0,0,0,0,0,0,0,0,0,0,8,0,0,0,0,0,0,0,0,0,0,0,0,0,0,0,0
120, P191193_S1,Discover Financials,https://jobs.discover.com/job/9120994/senior-dms-process-improvement-analyst-riverwoods-il/,1,"Riverwoods, IL",Senior DMS Process Improvement Analyst,0,0,0,0,0,0,3,11,0,0,0,0,0,0,0,0,0,2,1,0,0,0,0,0,0,0,4,0,0,0,0,0,0,0,0,0,0,2,0,0,0,0,0,0,0,0,2,0,1,0,0,0,0,0,4,0,0,0,0,0,1,0,0,0,0,0,0,0,0,0,1,0,0,1,0,0,0,0,0,0
121, P198440,Discover Financials,https://jobs.discover.com/job/9123859/customer-service-representative-night-shift-new-castle-de/,1,"New Castle, DE",Customer Service Representative-Night Shift,0,0,0,0,0,0,0,1,0,0,0,0,0,0,1,0,0,0,1,0,0,0,0,0,0,0,3,0,0,0,0,0,0,0,1,0,0,0,0,0,0,0,0,0,0,0,0,0,0,0,0,0,0,0,0,0,1,0,0,0,0,0,0,0,0,0,0,0,0,0,0,8,0,0,0,2,0,0,0,0
122, P105668_S1,Discover Financials,https://jobs.discover.com/job/9123853/lead-credit-risk-analyst-riverwoods-il/,1,"Riverwoods, IL",Lead Credit Risk Analyst,0,0,0,0,0,0,0,7,0,0,0,0,0,0,3,0,0,0,1,0,0,0,0,0,0,0,6,0,0,0,0,0,0,1,0,0,0,1,0,0,0,1,0,0,0,0,3,0,0,0,0,0,0,0,2,0,0,0,1,0,0,0,0,0,0,0,0,1,0,0,0,0,0,0,0,0,0,0,0,0
123,b ID: 44975,Discover Financials,https://jobs.discover.com/job/8654543/2019-operations-internship-program-phoenix-az/,1,"Phoenix, AZ",2019 Operations Internship Program,0,0,0,0,0,0,0,5,1,0,0,0,0,0,1,0,0,3,1,0,0,1,1,1,0,0,4,0,0,0,1,0,0,0,0,0,1,0,0,0,0,0,0,0,0,0,2,0,1,0,1,1,0,0,0,1,1,0,0,0,0,0,0,0,0,0,0,0,0,0,1,0,0,0,0,0,0,0,0,0
124, P138491_S2,Discover Financials,https://jobs.discover.com/job/8985778/analyst-voice-and-data-service-new-albany-oh/,1,"New Albany, OH","Analyst, Voice and Data Service",0,0,0,1,0,0,0,1,0,0,0,0,0,0,0,0,0,1,0,0,0,0,0,0,0,0,2,0,0,0,0,0,0,0,0,0,0,0,0,0,0,0,0,0,0,0,1,0,1,0,0,0,0,0,0,0,0,0,1,0,0,0,0,0,0,0,0,0,0,0,0,3,0,0,0,0,0,1,0,0
125, P198139,Discover Financials,https://jobs.discover.com/job/9123858/associate-production-operator-salt-lake-city-ut/,1,"Salt Lake City, UT",Associate Production Operator,0,0,0,0,0,0,0,1,0,0,0,0,0,0,0,0,0,0,0,0,0,0,0,0,0,0,3,0,0,0,0,0,0,0,0,0,0,0,0,0,0,0,0,0,0,0,0,0,0,0,0,0,0,0,0,0,0,0,0,0,1,3,0,0,0,0,0,0,0,0,0,1,0,0,0,1,0,0,0,0
126,b ID: 46605,Discover Financials,https://jobs.discover.com/job/9123852/lead-software-developer-riverwoods-il/,1,"Riverwoods, IL",Lead Software Developer,0,0,0,0,0,0,0,0,1,0,0,0,0,0,2,0,0,0,1,1,0,0,0,0,0,0,4,1,0,0,1,0,0,0,0,0,0,0,0,0,1,0,0,0,2,0,1,0,0,0,0,0,0,0,0,1,0,0,0,0,2,1,0,0,0,0,0,0,0,0,1,0,0,0,0,0,0,0,0,0
127, P106983,Discover Financials,https://jobs.discover.com/job/9123854/principal-data-governance-consultant-riverwoods-il/,1,"Riverwoods, IL",Principal Data Governance Consultant,0,0,0,0,0,0,0,9,0,0,0,0,0,0,0,0,0,42,1,0,0,0,0,0,0,0,5,1,0,0,0,0,0,2,0,0,0,1,0,0,1,0,0,0,0,0,6,0,0,0,0,0,0,0,0,0,0,1,0,0,1,6,0,1,0,0,0,0,0,0,1,0,0,0,0,0,0,5,0,0
128, P158723_S3,Discover Financials,https://jobs.discover.com/job/9068965/lead-compliance-specialist-new-albany-oh/,1,"New Albany, OH",Lead Compliance Specialist,0,0,0,0,0,0,0,6,0,0,0,0,0,0,0,0,0,0,0,0,0,0,0,0,0,0,3,0,0,0,0,0,0,0,0,0,0,0,0,0,0,1,0,0,0,0,3,2,0,1,0,0,0,0,0,0,0,0,0,0,1,1,0,5,0,1,0,0,0,0,3,0,0,0,0,1,0,0,0,0
129, ID: P26136,Discover Financials,https://jobs.discover.com/job/9068967/senior-auditor-riverwoods-il/,1,"Riverwoods, IL",Senior Auditor,0,0,0,0,0,0,0,1,0,0,0,0,0,0,0,0,0,2,0,0,0,0,0,0,0,0,3,0,0,0,0,0,0,0,0,0,0,0,0,0,0,0,0,0,0,0,0,0,0,0,0,1,0,0,1,1,0,0,0,0,0,0,0,0,0,0,0,0,0,0,0,0,0,0,0,0,0,1,0,0
130, P126305_S3,Discover Financials,https://jobs.discover.com/job/9068964/lead-auditor-riverwoods-il/,1,"Riverwoods, IL",Lead Auditor,0,0,0,0,0,0,0,1,0,0,0,0,0,0,0,0,0,3,0,0,0,0,0,0,0,0,4,0,0,0,0,0,0,0,0,0,0,0,0,0,0,0,0,0,0,0,0,0,0,0,0,0,0,0,0,0,0,0,0,0,0,0,0,0,0,0,0,0,0,0,0,0,0,0,0,0,0,0,0,0
131,: P26247_S3,Discover Financials,https://jobs.discover.com/job/9068968/lead-compliance-testing-west-valley-city-ut/,1,"West Valley City, UT",Lead Compliance Testing,0,0,0,0,0,0,0,6,0,0,0,0,0,0,0,0,0,0,0,0,0,0,0,0,0,0,3,0,0,0,0,0,0,0,0,0,0,0,0,0,0,1,0,0,0,0,3,2,0,1,0,0,0,0,0,0,0,0,0,0,1,1,0,5,0,1,0,0,0,0,3,0,0,0,0,1,0,0,0,0
132, P177556,Discover Financials,https://jobs.discover.com/job/9070534/senior-advanced-analytics-analyst-riverwoods-il/,1,"Riverwoods, IL",Senior Advanced Analytics Analyst,0,0,0,3,0,0,0,7,0,0,0,0,0,0,0,0,0,6,0,1,0,0,0,0,0,0,3,0,0,0,0,0,0,0,0,0,0,0,0,0,0,0,0,0,0,0,0,0,0,0,0,0,0,0,0,0,0,0,0,0,0,0,0,0,0,0,0,0,0,0,0,0,0,0,0,0,0,0,0,0
133, P102092_S1,Discover Financials,https://jobs.discover.com/job/9070530/principal-payment-product-management-houston-tx/,1,"Houston, TX",Principal Payment Product Management,0,0,0,0,0,0,0,5,0,0,0,0,0,0,0,0,0,0,2,0,0,0,0,0,0,0,3,1,0,0,1,0,0,0,0,1,0,0,0,0,0,0,0,0,0,0,1,0,0,0,1,0,0,0,0,4,0,1,0,0,3,0,0,0,0,0,0,0,0,0,0,0,0,0,0,0,0,3,0,0
134, P198478,Discover Financials,https://jobs.discover.com/job/9070536/2019-pulse-finance-internship-undergraduate-houston-tx/,1,"Houston, TX",2019 PULSE Finance Internship (Undergraduate),0,0,0,1,0,0,0,6,1,0,0,0,0,1,0,0,0,0,1,0,0,0,0,1,0,2,4,0,0,0,0,0,0,0,0,0,0,0,0,0,0,0,0,0,0,0,1,0,0,0,0,0,0,0,0,0,0,0,0,1,0,0,0,0,0,0,0,3,0,0,0,0,0,0,0,0,0,0,0,0
135,b ID: 46564,Discover Financials,https://jobs.discover.com/job/9070527/senior-software-developer-riverwoods-il/,1,"Riverwoods, IL",Senior Software Developer,0,0,0,0,0,0,0,0,1,0,0,0,0,0,2,0,0,0,3,0,0,0,0,0,0,0,3,1,0,0,1,0,0,0,0,0,0,0,0,0,1,0,0,0,2,0,1,0,0,0,0,0,0,0,0,0,0,0,0,0,2,1,0,0,0,0,0,0,0,0,0,0,0,0,0,0,0,0,0,0
136, P198293,Discover Financials,https://jobs.discover.com/job/9065009/fraud-detection-analyst-1-new-castle-de/,1,"New Castle, DE",Fraud Detection Analyst-1,0,0,0,0,0,0,0,0,0,0,0,0,0,0,0,0,0,1,0,0,0,0,0,0,0,0,6,0,7,0,0,0,0,1,0,0,0,1,0,0,0,0,0,0,0,0,2,0,0,0,0,0,0,0,0,0,0,0,0,0,0,0,0,0,0,0,0,0,0,0,0,0,0,0,0,0,0,0,0,0
137, P197490,Discover Financials,https://jobs.discover.com/job/9065007/sr-software-engineer-test-automation-houston-tx/,1,"Houston, TX",Sr. Software Engineer (Test Automation),0,0,0,0,0,0,8,1,0,0,2,0,0,0,0,0,0,0,2,0,0,0,0,0,0,0,3,1,0,0,0,0,0,0,0,1,0,0,0,0,0,0,0,0,0,0,0,0,0,0,0,0,0,0,0,0,0,0,0,0,1,5,0,0,0,0,0,0,0,0,1,0,0,0,0,0,0,1,0,0
138, P197491,Discover Financials,https://jobs.discover.com/job/9065008/senior-tester-in-performance-engineering-houston-tx/,1,"Houston, TX",Senior Tester in Performance Engineering,0,0,0,0,0,0,1,1,0,0,2,0,0,0,0,0,0,1,2,0,0,0,0,0,0,0,3,0,0,0,0,0,0,0,0,1,0,0,0,0,0,0,0,0,0,0,1,0,0,0,0,0,0,0,0,0,0,0,0,0,1,4,0,0,0,0,0,0,0,0,0,0,0,0,0,0,0,1,0,0
139, P156322_S1,Discover Financials,https://jobs.discover.com/job/9066684/information-security-assessor-riverwoods-il/,1,"Riverwoods, IL",Information Security Assessor,0,0,0,0,0,0,0,3,0,0,0,0,0,0,0,0,3,0,0,0,0,0,0,0,0,0,3,0,0,0,0,0,0,10,0,0,0,0,0,0,0,0,0,0,0,0,0,0,0,0,0,0,0,0,0,0,0,0,0,0,0,0,0,0,0,0,0,0,0,5,0,0,0,0,0,0,0,0,0,0
140, P198292,Discover Financials,https://jobs.discover.com/job/9066686/fraud-detection-analyst-new-castle-de/,1,"New Castle, DE",Fraud Detection Analyst,0,0,0,0,0,0,0,0,0,0,0,0,0,0,0,0,0,1,0,0,0,0,0,0,0,0,5,0,7,0,0,0,0,1,0,0,0,1,0,0,0,0,0,0,0,0,2,0,0,0,0,0,0,0,0,0,0,0,0,0,0,0,0,0,0,0,0,0,0,0,0,0,0,0,0,0,0,0,0,0
141, P114616_S2,Discover Financials,https://jobs.discover.com/job/9066682/lead-model-validation-specialist-riverwoods-il/,1,"Riverwoods, IL",Lead Model Validation Specialist,0,0,0,0,0,0,0,4,0,0,0,0,0,0,0,0,0,0,0,0,0,0,0,0,0,0,8,0,0,0,0,0,0,0,0,0,0,2,0,0,0,0,0,3,0,0,3,0,0,0,2,0,0,0,1,0,0,0,0,0,0,0,0,0,0,2,0,0,0,0,0,0,0,0,0,0,0,0,0,0
142, P198513,Discover Financials,https://jobs.discover.com/job/9066688/entry-level-fraud-representative-mornings-phoenix-az/,1,"Phoenix, AZ","Entry Level, Fraud Representative (Mornings)",0,0,0,0,0,0,0,0,0,0,0,0,0,0,0,0,0,0,0,0,0,0,0,0,0,0,3,0,2,0,0,0,0,3,0,0,0,0,0,0,0,0,0,0,0,2,0,0,0,2,0,0,0,0,0,0,0,0,0,0,0,0,0,0,0,0,0,0,0,0,0,0,0,0,0,0,0,0,0,4
143, P198213,Discover Financials,https://jobs.discover.com/job/9064076/discover-lean-change-agent-west-valley-city-ut/,1,"West Valley City, UT",Discover Lean Change Agent,0,0,1,0,0,0,0,3,0,0,0,0,0,0,0,0,0,0,0,0,0,0,0,0,0,0,4,0,0,0,0,0,0,0,0,0,0,0,0,0,0,0,0,0,0,0,4,0,0,0,0,0,0,0,0,0,0,0,0,0,0,0,0,0,0,0,0,0,0,0,0,0,0,0,0,1,0,0,0,0
144, P198484,Discover Financials,https://jobs.discover.com/job/9064078/student-loans-cell-phone-repayment-west-valley-city-ut/,1,"West Valley City, UT","Student Loans, Cell Phone Repayment",0,0,0,0,0,0,0,0,0,0,0,0,0,0,1,0,0,0,0,0,0,0,0,0,0,0,3,0,0,0,0,0,0,1,0,0,0,0,0,0,0,0,0,0,0,0,0,0,0,0,0,0,0,0,0,3,0,0,0,0,0,0,0,0,0,0,0,0,0,0,0,1,0,0,0,0,0,0,0,0
145, P198214,Discover Financials,https://jobs.discover.com/job/9062323/dms-change-agent-1-phoenix-az/,1,"Phoenix, AZ",DMS Change Agent-1,0,0,1,0,0,0,0,3,0,0,0,0,0,0,0,0,0,0,0,0,0,0,0,0,0,0,4,0,0,0,0,0,0,0,0,0,0,0,0,0,0,0,0,0,0,0,4,0,0,0,0,0,0,0,0,0,0,0,0,0,0,0,0,0,0,0,0,0,0,0,0,0,0,0,0,1,0,0,0,0
146, P118318_S1,Discover Financials,https://jobs.discover.com/job/9062315/director-fraud-capabilities-riverwoods-il/,1,"Riverwoods, IL","Director, Fraud Capabilities",0,0,0,1,0,0,0,5,0,0,0,0,0,0,0,0,0,2,0,0,0,0,0,0,0,0,4,0,2,0,0,0,0,1,0,0,0,0,0,0,0,0,0,0,0,0,1,0,0,0,0,0,0,0,0,0,0,0,0,0,2,0,0,0,0,0,0,0,0,0,0,0,0,0,0,0,0,2,0,0
147, P196440,Discover Financials,https://jobs.discover.com/job/9062319/dsl-lead-operations-strategy-analyst-riverwoods-il/,1,"Riverwoods, IL",DSL Lead Operations Strategy Analyst,0,0,0,0,0,0,0,2,0,0,0,0,0,0,0,0,0,1,1,0,0,0,0,0,0,0,6,0,0,0,0,0,0,0,0,0,0,1,0,0,0,0,0,0,0,0,0,0,0,0,0,0,0,0,1,0,1,0,0,0,0,0,0,0,1,0,0,0,0,0,0,0,0,0,0,0,0,0,0,0
148,: P26207_S1,Discover Financials,https://jobs.discover.com/job/9062326/lead-operations-strategy-analyst-riverwoods-il/,1,"Riverwoods, IL",Lead Operations Strategy Analyst,0,0,0,0,0,0,0,6,0,0,0,0,0,1,0,0,0,5,1,0,0,0,0,0,0,0,5,0,0,0,0,0,0,0,0,0,0,2,0,0,0,0,0,0,0,0,4,0,0,0,0,0,0,0,1,0,1,0,0,0,1,0,0,4,3,0,0,0,0,0,0,2,0,0,0,0,0,1,0,0
149, P198211,Discover Financials,https://jobs.discover.com/job/9062322/senior-manager-dms-phoenix-az/,1,"Phoenix, AZ",Senior Manager DMS,0,0,0,0,0,0,0,3,0,0,0,0,0,0,0,0,0,0,0,0,0,0,0,0,0,0,4,0,0,0,0,0,0,0,0,0,0,0,0,0,0,0,0,0,0,0,2,1,0,0,0,0,0,0,0,0,0,0,0,0,0,0,0,0,0,0,0,0,0,0,0,0,0,0,0,0,0,0,0,0
150,b ID: 46491,Discover Financials,https://jobs.discover.com/job/9056294/senior-application-architect-chicago-il/,1,"Chicago, IL",Senior Application Architect,1,0,0,0,0,0,0,0,0,0,0,0,0,0,1,0,0,0,2,0,0,0,0,0,0,0,4,1,0,0,0,0,0,1,0,0,0,0,0,0,1,0,0,0,0,0,1,0,0,0,0,0,0,0,0,2,0,0,0,0,2,0,0,0,0,0,0,0,0,0,0,1,0,0,0,3,0,6,0,0
151,b ID: 46490,Discover Financials,https://jobs.discover.com/job/9056293/systems-architect-payments-applepay-visa-mastercard-token-chicago-il/,1,"Chicago, IL","Systems Architect- Payments (ApplePay,Visa/MasterCard Token)",0,0,0,0,0,0,0,1,0,0,0,0,0,0,1,0,0,0,1,0,0,0,0,0,1,0,3,1,0,0,1,0,0,0,0,0,0,0,0,0,1,0,0,0,0,0,1,0,0,0,0,0,0,0,0,2,0,0,0,0,2,1,0,0,0,0,0,0,0,0,0,0,0,0,0,0,0,1,0,0
152, P197195,Discover Financials,https://jobs.discover.com/job/9056295/senior-principal-application-architect-riverwoods-il/,1,"Riverwoods, IL",Senior Principal Application Architect,1,0,0,0,0,0,0,0,0,0,0,0,0,0,1,0,0,0,2,0,0,0,0,0,0,0,4,1,0,0,0,0,0,1,0,0,0,0,0,0,1,0,0,0,0,0,1,0,0,0,0,0,0,0,0,2,0,0,0,0,2,0,0,0,0,0,0,0,0,0,0,1,0,0,0,3,0,6,0,0
153, P197902_S1,Discover Financials,https://jobs.discover.com/job/9057847/lead-digital-analytics-management-riverwoods-il/,1,"Riverwoods, IL",Lead-Digital Analytics & Management,0,0,0,2,0,0,0,5,0,0,0,0,0,0,1,0,0,16,3,5,0,0,0,0,0,0,6,1,0,0,0,0,0,0,0,0,0,0,0,0,0,0,0,0,0,0,4,0,0,0,0,0,0,0,0,0,0,0,0,0,0,0,0,0,0,0,0,0,0,0,0,0,0,0,0,0,0,0,0,0
154, P197108,Discover Financials,https://jobs.discover.com/job/9054528/senior-credit-risk-analyst-riverwoods-il/,1,"Riverwoods, IL",Senior Credit Risk Analyst,0,0,0,0,0,0,0,5,0,0,0,0,0,0,3,0,0,3,0,0,0,0,0,0,0,0,5,1,0,0,0,0,0,2,0,0,0,1,0,0,0,0,0,0,2,0,2,0,0,0,0,0,0,0,1,0,2,2,1,0,0,2,0,0,1,0,0,0,0,0,1,0,0,0,0,0,0,0,0,0
155, P120984,Discover Financials,https://jobs.discover.com/job/9049166/lead-systems-analyst-riverwoods-il/,1,"Riverwoods, IL",Lead Systems Analyst,0,0,0,0,0,0,3,1,0,0,0,0,0,0,0,0,0,0,2,0,0,0,0,0,0,0,3,0,0,0,0,0,0,2,0,3,0,2,0,0,0,0,0,0,0,0,10,0,1,1,0,2,0,0,0,0,0,0,0,0,0,4,0,0,0,0,1,0,0,1,0,0,0,0,0,4,0,1,0,0
156,: P26440_S1,Discover Financials,https://jobs.discover.com/job/9049167/lead-fraud-detection-analyst-riverwoods-il/,1,"Riverwoods, IL",Lead Fraud Detection Analyst,0,0,0,1,0,0,0,1,0,0,0,0,0,0,0,0,0,2,0,0,0,0,0,0,0,0,3,0,8,0,0,0,0,0,0,0,0,0,0,0,0,0,0,0,0,0,1,0,0,0,0,0,0,0,0,0,0,0,0,0,0,0,0,0,0,0,0,0,0,0,0,0,0,0,0,0,0,0,0,0
157, P106052_S1,Discover Financials,https://jobs.discover.com/job/9050856/senior-manager-compliance-programs-riverwoods-il/,1,"Riverwoods, IL",Senior Manager Compliance Programs,0,0,0,0,0,0,0,0,0,0,0,0,0,0,0,0,0,2,1,0,0,0,0,0,1,0,3,0,0,0,0,0,0,0,0,0,0,0,0,0,0,0,0,0,0,0,5,0,0,0,0,0,0,0,0,0,0,0,0,0,0,0,0,1,0,0,0,0,0,0,0,0,0,0,0,0,0,0,0,0
158, P178255_S1,Discover Financials,https://jobs.discover.com/job/9050861/sr-mgr-information-security-operations-oversight-riverwoods-il/,1,"Riverwoods, IL","Sr Mgr, Information Security Operations & Oversight",0,0,0,0,0,0,0,2,0,0,0,0,0,0,0,0,5,0,0,0,0,0,0,0,0,0,3,1,0,0,0,0,0,7,0,0,0,0,0,0,0,0,0,0,0,0,1,0,0,0,0,1,0,0,0,0,0,0,0,0,0,0,0,0,0,0,0,0,0,8,0,0,0,0,0,0,0,0,0,0
159, P197310,Discover Financials,https://jobs.discover.com/job/9050862/digital-marketing-automation-specialist-pardot-houston-tx/,1,"Houston, TX",Digital Marketing & Automation Specialist (Pardot),0,1,0,3,0,0,0,1,0,0,0,0,0,0,0,0,0,1,0,3,0,0,0,0,0,0,6,0,0,0,0,0,0,1,0,0,0,0,0,0,0,0,0,0,0,0,3,0,0,0,0,0,0,0,0,0,0,1,0,0,0,0,0,0,0,0,0,0,0,0,0,0,0,0,0,0,0,2,0,0
160, P150937_S1,Discover Financials,https://jobs.discover.com/job/9050860/principal-compliance-specialist-phoenix-az/,1,"Phoenix, AZ",Principal Compliance Specialist,0,0,0,0,0,0,0,6,0,0,0,0,0,0,0,0,0,1,0,0,0,0,0,0,0,0,3,0,0,0,0,0,0,0,0,0,0,0,0,0,0,1,0,0,0,0,3,1,0,2,0,0,0,0,0,0,0,0,0,0,0,0,0,5,0,0,0,0,0,0,0,0,0,0,0,1,0,0,0,0
161, P194577,Discover Financials,https://jobs.discover.com/job/9044868/sr-tester-database-testing-riverwoods-il/,1,"Riverwoods, IL",Sr. Tester (Database testing),0,0,0,0,0,0,1,5,0,0,0,0,0,1,0,0,0,2,2,0,0,0,0,0,0,0,2,2,0,0,0,0,0,1,0,0,0,0,0,0,0,0,0,0,0,0,4,0,0,0,1,0,0,0,0,0,0,0,0,0,0,2,0,0,0,0,0,0,0,0,0,0,0,0,0,0,0,1,0,0
162, P197691,Discover Financials,https://jobs.discover.com/job/9046480/2019-corporate-law-internship-graduate-riverwoods-il/,1,"Riverwoods, IL",2019 Corporate Law Internship (Graduate),0,0,0,0,0,0,0,0,0,0,0,0,0,0,0,0,0,0,1,0,0,0,0,0,0,0,3,0,0,0,0,0,0,0,0,0,0,0,0,0,0,1,1,0,0,0,0,0,0,0,0,0,0,0,0,0,0,0,0,0,0,0,0,1,0,0,0,0,0,0,1,0,0,0,0,0,0,0,0,0
163, P197693,Discover Financials,https://jobs.discover.com/job/9046481/2019-corporate-law-internship-undergraduate-riverwoods-il/,1,"Riverwoods, IL",2019 Corporate Law Internship (Undergraduate),0,0,0,0,0,0,0,0,0,0,0,0,0,0,0,0,0,0,1,0,0,0,0,0,0,0,3,0,0,0,0,0,0,0,0,0,0,0,0,0,0,1,1,0,0,0,0,0,0,0,0,0,0,0,0,0,0,0,0,0,0,0,0,1,0,0,0,0,0,0,2,0,0,0,0,0,0,0,0,0
164, P196475_S1,Discover Financials,https://jobs.discover.com/job/9042295/implementation-specialist-alliance-support-riverwoods-il/,1,"Riverwoods, IL",Implementation Specialist (Alliance Support),0,0,0,0,0,0,0,2,0,0,0,0,1,0,0,0,0,0,1,0,0,0,0,0,1,0,3,0,0,0,0,0,0,0,0,0,0,1,0,0,0,0,0,0,0,0,0,0,0,0,0,4,0,1,0,0,0,0,0,0,0,0,0,0,0,0,0,0,0,0,0,0,0,0,0,0,0,0,0,2
165, P170515_S3,Discover Financials,https://jobs.discover.com/job/9042294/principal-business-analyst-riverwoods-il/,1,"Riverwoods, IL",Principal Business Analyst,0,0,0,2,0,0,0,6,0,0,0,0,0,0,0,0,0,2,1,0,0,0,0,1,0,0,4,0,0,0,0,0,0,0,0,0,0,0,0,0,0,0,0,0,0,0,3,0,0,0,1,0,0,0,0,0,0,0,0,0,0,0,0,0,0,1,0,0,0,0,0,0,0,0,0,0,0,0,0,0
166, P109943_S3,Discover Financials,https://jobs.discover.com/job/9024092/business-strategy-riverwoods-il/,1,"Riverwoods, IL",Business Strategy,0,0,0,1,0,0,0,1,0,0,0,0,1,0,0,0,0,0,0,0,0,0,0,0,0,0,3,0,0,0,0,0,0,0,0,0,0,0,0,0,0,0,0,0,0,0,4,0,0,0,0,0,0,0,2,0,0,0,0,0,1,0,0,0,0,0,0,0,0,0,0,0,0,0,0,1,0,1,0,0
167,b ID: 46421,Discover Financials,https://jobs.discover.com/job/9025707/bank-collections-specialist-west-valley-city-ut/,1,"West Valley City, UT",Bank Collections Specialist,0,0,0,0,0,0,0,0,0,0,0,0,0,0,1,0,0,0,0,0,0,0,0,0,0,0,4,0,0,0,0,0,0,1,0,0,0,0,0,0,0,0,0,0,0,0,0,0,0,0,0,0,0,0,0,3,0,0,0,0,0,0,0,0,0,0,0,0,0,0,0,1,0,0,0,0,0,0,0,0
168, P193168_S1,Discover Financials,https://jobs.discover.com/job/9011480/lead-api-web-developer-chicago-il/,1,"Chicago, IL",Lead API Web Developer,0,0,0,0,0,0,2,1,0,0,0,0,0,0,0,0,0,0,3,0,0,0,0,0,0,0,3,0,0,0,0,0,0,1,0,0,0,1,0,0,1,0,0,0,0,0,2,0,0,0,0,0,0,0,0,0,0,2,0,0,2,1,0,0,0,0,0,0,0,5,1,0,0,0,0,0,0,1,0,0
169, P197844,Discover Financials,https://jobs.discover.com/job/9011482/data-engineer-riverwoods-il/,1,"Riverwoods, IL",Data Engineer,0,0,0,0,0,0,0,0,0,0,0,0,0,0,0,0,0,3,0,0,0,0,0,0,0,0,3,0,0,0,0,0,0,0,0,0,0,0,0,0,0,0,0,0,0,0,0,0,0,0,0,0,0,0,0,0,0,0,0,0,0,0,0,0,0,0,0,0,0,0,0,0,0,0,0,0,0,0,0,0
170, P197845,Discover Financials,https://jobs.discover.com/job/9011483/data-platform-engineer-riverwoods-il/,1,"Riverwoods, IL",Data Platform Engineer,0,0,0,0,0,0,0,0,0,0,0,0,0,0,0,0,0,6,0,0,0,0,0,0,0,0,3,0,0,0,0,0,0,0,0,0,0,0,0,0,0,0,0,0,0,0,0,0,0,0,0,0,0,0,0,0,0,0,0,0,0,0,0,0,0,0,0,0,0,0,0,0,0,0,0,0,0,1,0,0
171, P197715,Discover Financials,https://jobs.discover.com/job/9011481/senior-cybersecurity-data-analyst-riverwoods-il/,1,"Riverwoods, IL",Senior Cybersecurity Data Analyst,0,0,0,2,0,0,2,2,0,0,0,0,0,0,0,0,1,14,0,0,0,0,0,0,0,0,2,0,0,0,0,0,0,2,0,1,1,0,0,0,0,0,0,0,0,0,2,0,0,0,0,4,0,2,1,0,0,0,0,0,0,1,0,0,1,1,0,0,0,9,0,0,0,0,0,2,0,2,0,0
172, P139243_S4,Discover Financials,https://jobs.discover.com/job/9013158/principal-business-analyst-riverwoods-il/,1,"Riverwoods, IL",Principal Business Analyst,0,0,0,0,0,0,0,17,0,0,0,0,0,0,0,0,0,0,5,0,0,0,0,0,0,0,3,0,0,0,0,0,0,2,0,1,0,2,0,0,0,0,0,0,0,0,1,0,0,0,0,0,0,0,1,1,0,0,0,0,1,0,0,0,0,0,0,0,0,0,0,0,1,0,0,1,0,0,0,0
173, P197034,Discover Financials,https://jobs.discover.com/job/9013161/product-owner-riverwoods-il/,1,"Riverwoods, IL",Product Owner,0,0,0,0,0,0,0,6,0,0,0,0,0,0,0,0,0,1,4,0,0,0,0,0,0,0,3,0,0,0,0,0,0,2,0,0,0,3,0,0,0,0,0,0,0,0,1,0,0,0,0,1,0,0,3,5,0,0,0,0,2,0,0,0,0,1,0,0,0,0,1,1,0,0,0,1,0,3,0,0
174, P187208_S2,Discover Financials,https://jobs.discover.com/job/9013160/principal-audit-data-scientist-riverwoods-il/,1,"Riverwoods, IL",Principal Audit Data Scientist,0,0,0,1,0,0,0,7,0,0,0,0,0,0,0,0,0,12,1,0,0,0,0,0,1,0,4,0,1,0,0,0,0,2,0,0,0,3,0,0,0,0,0,0,0,0,1,0,0,0,1,0,0,0,2,0,0,0,0,0,0,0,0,1,1,0,0,0,0,0,0,0,0,0,0,0,0,1,0,0
175, P194626_S1,Discover Financials,https://jobs.discover.com/job/9009033/auditor-riverwoods-il/,1,"Riverwoods, IL",Auditor,0,0,0,0,0,0,0,1,0,0,0,0,0,0,0,0,0,1,0,0,0,0,0,0,0,0,3,0,0,0,0,0,0,0,0,0,0,0,0,0,0,0,0,0,0,0,0,0,0,0,0,0,0,0,0,0,0,0,0,0,0,0,0,0,0,0,0,0,0,0,0,0,0,0,0,0,0,0,0,0
176, P159445_S2,Discover Financials,https://jobs.discover.com/job/9002352/principal-production-support-specialist-riverwoods-il/,1,"Riverwoods, IL",Principal Production Support Specialist,0,0,0,1,0,0,0,4,0,0,0,0,0,0,0,0,0,0,1,1,0,0,0,1,0,0,3,1,0,0,2,0,0,0,0,0,0,1,0,0,0,0,0,0,0,0,1,1,1,0,1,0,0,0,2,0,0,0,0,0,1,0,0,0,0,0,0,0,0,0,1,0,0,0,0,0,0,0,0,0
177, P197817,Discover Financials,https://jobs.discover.com/job/9003790/home-equity-loans-processor-phoenix-az/,1,"Phoenix, AZ",Home Equity Loans Processor,0,0,0,0,0,0,0,1,0,0,0,0,0,0,4,0,0,0,2,0,0,0,8,0,0,0,7,0,2,0,0,0,0,2,2,0,0,0,0,0,2,0,0,0,44,0,2,0,2,0,0,0,0,0,0,0,4,2,0,0,0,6,0,0,0,0,0,0,0,0,2,0,0,0,0,2,0,0,0,0
178, P188756_S1,Discover Financials,https://jobs.discover.com/job/8988289/lead-financial-analyst-fp-a-riverwoods-il/,1,"Riverwoods, IL",Lead Financial Analyst – FP&A,1,0,0,2,0,0,0,4,0,0,0,0,0,0,0,0,0,0,0,0,0,0,0,0,0,0,10,0,0,0,0,0,0,0,0,0,0,0,1,0,0,0,0,0,0,0,1,0,0,0,0,0,0,0,0,0,0,0,0,1,1,0,0,0,0,0,0,0,0,0,0,0,0,0,0,0,0,0,0,0
179, P197790,Discover Financials,https://jobs.discover.com/job/8994429/principal-executive-recruiter-riverwoods-il/,1,"Riverwoods, IL",Principal Executive Recruiter,0,0,0,0,0,0,0,3,0,0,0,0,0,0,0,0,0,2,0,0,0,0,0,6,0,0,3,0,0,0,0,0,0,0,0,0,0,1,0,0,0,0,0,0,0,0,0,2,1,0,3,0,0,0,0,0,0,0,0,0,0,0,0,0,0,2,0,0,0,0,0,0,0,3,0,0,0,0,0,0
180, P191815_S1,Discover Financials,https://jobs.discover.com/job/8994427/sr-manager-mortgage-sales-call-center-phoenix-az/,1,"Phoenix, AZ",Sr. Manager – Mortgage Sales (Call Center),0,0,0,0,0,0,0,4,0,0,0,0,0,0,0,0,0,0,1,0,0,0,0,0,0,0,3,0,0,0,0,0,0,0,0,0,0,0,0,0,0,0,0,0,0,0,2,0,1,0,0,0,0,0,1,0,0,0,0,0,0,0,0,1,0,0,0,0,0,0,0,0,0,0,0,0,0,0,0,0
181, P197646,Discover Financials,https://jobs.discover.com/job/8994428/senior-programmer-riverwoods-il/,1,"Riverwoods, IL",Senior Programmer,0,0,0,0,0,0,0,2,0,0,0,0,0,0,0,0,0,1,2,1,0,0,0,0,0,0,3,0,0,0,0,0,0,0,0,1,0,1,0,0,0,0,0,0,0,0,0,0,0,0,0,0,0,0,0,0,0,0,0,0,1,0,0,0,0,0,1,0,0,1,0,0,0,0,0,2,0,1,0,0
182, P192603_S1,Discover Financials,https://jobs.discover.com/job/8985779/sr-devops-engineer-chicago-il/,1,"Chicago, IL",Sr. DevOps Engineer,0,0,0,2,0,0,1,1,1,0,0,0,0,0,1,0,0,6,1,0,0,0,0,0,1,0,5,0,0,0,0,0,0,0,0,2,0,0,0,0,0,0,0,0,0,0,1,0,1,0,0,0,0,0,0,0,0,0,0,0,0,0,0,0,0,0,0,0,0,0,0,0,0,0,0,1,0,0,0,0
183, P197068,Discover Financials,https://jobs.discover.com/job/8985780/senior-data-engineer-riverwoods-il/,1,"Riverwoods, IL",Senior Data Engineer,0,0,0,2,0,0,2,4,0,0,0,0,0,0,0,0,0,5,1,0,0,0,0,0,0,0,3,0,0,0,0,0,0,0,0,1,0,0,0,0,0,0,0,0,0,0,2,0,0,0,0,0,0,0,0,0,0,0,0,0,2,0,0,0,0,0,0,0,0,0,0,2,0,0,0,0,0,1,0,0
184, P103111_S1,Discover Financials,https://jobs.discover.com/job/8987021/senior-advanced-analytics-analyst-riverwoods-il/,1,"Riverwoods, IL",Senior Advanced Analytics Analyst,0,0,0,2,0,0,0,7,0,0,0,0,0,0,0,0,0,7,0,0,0,0,0,0,0,0,3,0,0,0,0,0,0,0,0,0,0,0,0,0,0,0,0,0,0,0,0,0,0,0,0,0,0,0,0,0,0,0,0,0,0,0,0,0,0,0,0,0,0,0,0,0,0,0,0,0,0,0,0,0
185,b ID: 45679,Discover Financials,https://jobs.discover.com/job/8836673/software-developer-riverwoods-il/,1,"Riverwoods, IL",Software Developer,0,0,0,0,0,0,0,0,1,0,0,0,0,0,2,0,0,0,3,0,0,0,0,0,0,0,3,1,0,0,1,0,0,0,0,0,0,0,0,0,1,0,0,0,2,0,1,0,0,0,0,0,0,0,0,0,0,0,0,0,2,1,0,0,0,0,0,0,0,0,0,0,0,0,0,0,0,0,0,0
186, P153845_S2,Discover Financials,https://jobs.discover.com/job/8984437/customer-impact-response-analyst-pittsford-ny/,1,"Pittsford, NY",Customer Impact Response Analyst,0,0,0,0,0,0,0,0,0,0,0,0,0,1,0,0,0,0,0,0,0,0,0,0,0,0,4,0,0,0,0,0,0,0,0,0,0,0,0,0,0,0,0,0,2,0,0,0,0,0,0,0,0,0,0,0,1,0,0,0,0,2,0,0,0,0,0,0,0,0,0,0,0,0,0,1,0,0,0,0
187, P197625,Discover Financials,https://jobs.discover.com/job/8984442/servicenow-developer-riverwoods-il/,1,"Riverwoods, IL",ServiceNow Developer,0,0,0,3,0,0,0,3,0,0,0,0,0,0,0,0,1,3,2,0,0,0,0,0,2,0,3,0,0,0,0,0,0,2,0,4,0,0,0,0,0,0,0,0,0,0,1,0,0,0,0,1,0,0,0,0,0,0,0,0,0,2,0,0,2,0,0,0,0,1,0,0,0,0,0,4,0,2,0,0
188, P103131_S2,Discover Financials,https://jobs.discover.com/job/8984434/lead-it-auditor-riverwoods-il/,1,"Riverwoods, IL",Lead IT Auditor,0,0,0,0,1,0,0,9,0,0,0,0,0,2,2,0,0,6,2,0,0,0,0,0,1,0,6,0,0,0,0,0,0,1,0,0,0,9,0,0,0,0,0,0,0,1,7,0,1,0,0,3,0,0,1,1,0,0,0,0,0,1,0,2,0,0,0,0,0,2,0,0,0,0,0,3,0,3,0,0
189, P164051_S1,Discover Financials,https://jobs.discover.com/job/8984438/senior-manager-site-experience-conversion-rate-optimization-riverwoods-il/,1,"Riverwoods, IL","Senior Manager, Site Experience & Conversion Rate Optimization",0,0,0,0,0,0,0,3,0,0,0,0,0,0,0,0,0,3,2,5,0,0,0,0,1,0,3,0,0,0,0,0,0,0,0,0,0,0,0,0,0,0,0,0,0,0,0,0,0,0,0,0,0,0,0,0,0,0,0,0,1,0,0,0,1,0,0,0,0,0,0,0,0,0,0,0,0,0,0,0
190, P116087_S3,Discover Financials,https://jobs.discover.com/job/8811615/lead-software-engineer-riverwoods-il/,1,"Riverwoods, IL",Lead Software Engineer,0,0,0,0,0,0,2,0,0,0,0,0,0,0,0,0,0,0,2,0,0,0,0,0,0,0,2,0,0,0,0,0,0,0,0,1,0,0,0,0,0,0,0,0,0,0,1,0,0,0,0,0,0,0,0,0,0,0,0,0,1,1,0,0,0,0,0,0,0,1,0,0,0,0,0,0,0,2,0,0
191, P197535,Discover Financials,https://jobs.discover.com/job/8979033/senior-manager-of-application-development-chicago-il/,1,"Chicago, IL",Senior Manager of Application Development,0,0,0,0,0,0,0,6,0,0,0,0,0,0,1,0,0,0,5,0,0,0,0,0,1,0,4,0,0,0,1,0,0,1,0,0,0,0,0,0,0,0,0,0,0,0,3,1,2,0,0,2,0,1,0,2,0,0,0,0,1,2,0,0,0,1,1,0,0,0,1,1,0,0,0,0,0,6,0,0
192,: P25789_S1,Discover Financials,https://jobs.discover.com/job/8975709/lead-finance-project-manager-houston-tx/,1,"Houston, TX",Lead Finance Project Manager,0,0,0,0,0,0,0,4,0,0,0,0,0,1,0,0,0,1,0,0,0,0,0,1,3,5,4,0,0,0,0,0,0,0,0,0,0,1,0,0,0,0,0,0,0,0,3,0,0,0,0,0,0,2,0,0,0,0,0,0,0,0,0,0,1,0,0,0,0,0,0,0,0,0,0,0,0,0,0,0
193, P104529,Discover Financials,https://jobs.discover.com/job/8975700/principal-operations-strategy-riverwoods-il/,1,"Riverwoods, IL",Principal Operations Strategy,0,0,0,0,0,0,0,5,0,0,0,0,0,0,0,0,0,0,0,0,0,0,0,0,0,0,4,0,0,0,0,0,0,0,0,0,0,1,0,0,0,0,0,0,0,0,1,0,0,0,0,0,0,0,3,0,1,0,0,0,0,1,0,0,0,0,0,0,0,0,0,3,0,0,0,0,0,0,0,0
194, P109360_S1,Discover Financials,https://jobs.discover.com/job/8975702/manager-employee-relations-new-albany-oh/,1,"New Albany, OH",Manager Employee Relations,2,0,0,0,0,0,0,0,0,0,0,0,0,0,0,0,0,1,1,0,0,0,0,0,1,0,3,0,1,0,0,0,0,0,0,0,0,3,0,0,0,1,0,0,0,0,1,0,1,0,0,0,0,0,0,0,0,3,0,0,0,0,0,0,0,0,0,0,0,0,0,1,0,0,0,0,0,0,0,0
195, P178506_S5,Discover Financials,https://jobs.discover.com/job/8975704/lead-java-developer-riverwoods-il/,1,"Riverwoods, IL",Lead Java Developer,0,0,0,0,0,0,0,3,0,0,0,0,0,0,0,0,0,0,1,0,0,0,0,0,1,0,3,0,0,0,0,0,0,0,0,0,0,0,0,0,0,0,0,0,0,0,0,0,0,0,0,0,0,0,0,0,0,0,0,0,1,1,0,0,0,0,0,0,0,0,0,0,0,0,0,0,0,1,0,0
196, P196899,Discover Financials,https://jobs.discover.com/job/8969825/lead-programmer-riverwoods-il/,1,"Riverwoods, IL",Lead Programmer,0,0,0,0,0,0,0,3,0,0,0,0,0,0,0,0,0,0,1,0,0,0,0,0,1,0,3,0,0,0,0,0,0,0,0,0,0,0,0,0,0,0,0,0,0,0,0,0,0,0,0,0,0,0,0,0,0,0,0,0,1,1,0,0,0,0,0,0,0,0,0,0,0,0,0,0,0,1,0,0
197, P197312,Discover Financials,https://jobs.discover.com/job/8969826/lead-data-support-analyst-riverwoods-il/,1,"Riverwoods, IL",Lead Data Support Analyst,0,0,0,0,0,0,0,10,0,0,0,0,0,0,1,0,0,8,0,0,0,0,0,0,0,0,3,0,0,0,0,0,0,1,0,0,0,0,0,0,0,0,0,0,0,0,5,1,1,0,0,0,0,0,0,1,0,1,0,0,0,4,0,1,0,0,0,0,1,0,1,1,0,0,0,1,0,0,0,2
198,b ID: 46255,Discover Financials,https://jobs.discover.com/job/8965316/manager-credit-risk-analysis-riverwoods-il/,1,"Riverwoods, IL","Manager, Credit Risk Analysis",0,0,0,0,0,0,0,6,0,0,0,0,0,0,4,0,0,2,1,0,0,0,0,0,0,0,5,1,1,0,0,0,0,1,0,0,0,0,0,0,0,0,0,0,0,0,6,1,1,0,0,0,0,0,1,0,0,1,3,0,0,2,0,0,1,0,0,0,0,0,0,0,0,0,0,0,0,0,0,0
199, P197091_S1,Discover Financials,https://jobs.discover.com/job/8966877/lead-software-engineer-rpa-riverwoods-il/,1,"Riverwoods, IL",Lead Software Engineer(RPA),0,0,0,0,0,0,5,6,0,0,0,0,0,0,0,0,0,0,0,0,0,0,0,0,0,0,3,0,0,0,0,0,0,0,0,0,0,2,0,0,0,0,0,0,0,0,1,0,0,0,0,0,0,0,0,0,0,0,0,0,0,0,0,0,0,0,0,0,0,0,0,1,0,0,0,0,0,2,0,0
200, P125826_S3,Discover Financials,https://jobs.discover.com/job/8966872/senior-treasury-services-cash-analyst-riverwoods-il/,1,"Riverwoods, IL",Senior Treasury Services Cash Analyst,0,0,0,0,0,0,0,4,1,0,0,0,0,0,0,0,0,2,1,0,0,0,0,0,0,0,3,0,0,0,0,0,0,0,0,0,0,2,0,0,0,0,0,0,0,0,7,0,0,0,0,0,0,0,0,1,0,0,0,0,0,0,0,0,1,0,0,0,0,0,0,1,0,0,1,2,0,1,0,0
201, P196901_S1,Discover Financials,https://jobs.discover.com/job/8966876/senior-software-engineer-rpa-riverwoods-il/,1,"Riverwoods, IL",Senior Software Engineer(RPA),0,0,0,0,0,0,4,2,0,0,0,0,0,0,0,0,0,0,3,0,0,0,0,0,0,0,3,0,0,0,0,0,0,2,0,1,0,1,0,0,0,0,0,0,0,0,0,0,0,0,0,0,0,0,0,0,0,0,0,0,0,0,0,0,0,0,0,0,0,0,0,1,0,0,0,4,0,0,0,0
202, P197521,Discover Financials,https://jobs.discover.com/job/8962316/principal-credit-risk-analyst-riverwoods-il/,1,"Riverwoods, IL",Principal Credit Risk Analyst,0,0,0,0,0,0,0,6,0,0,0,0,0,0,4,0,0,1,1,0,0,0,0,0,0,0,5,1,1,0,0,0,0,1,0,0,0,0,0,0,0,0,0,0,0,0,6,1,1,0,0,0,0,0,1,0,0,1,3,0,0,2,0,0,1,0,0,0,0,0,0,0,0,0,0,0,0,0,0,0
203, P110962,Discover Financials,https://jobs.discover.com/job/8230404/sr-risk-analyst-riverwoods-il/,1,"Riverwoods, IL",Sr. Risk Analyst,0,0,0,0,0,0,0,3,0,0,0,0,0,0,0,0,0,0,1,0,0,0,0,0,0,0,3,0,0,0,0,0,0,2,0,0,0,2,0,0,0,0,0,0,0,0,2,0,0,0,0,0,0,0,0,0,0,0,0,0,0,1,0,0,0,0,0,0,0,1,0,0,0,0,0,0,0,5,0,0
204, P157042_S3,Discover Financials,https://jobs.discover.com/job/8940316/it-auditor-riverwoods-il/,1,"Riverwoods, IL",IT Auditor,0,0,0,0,0,0,0,5,0,0,0,0,0,0,0,0,0,1,0,0,0,0,0,0,0,0,3,1,0,0,0,0,0,3,0,0,0,8,0,0,0,0,0,0,0,0,2,0,0,0,0,2,0,1,1,0,0,0,0,0,0,1,0,0,1,0,0,0,0,1,0,0,0,0,0,3,0,2,0,0
205,b ID: 46246,Discover Financials,https://jobs.discover.com/job/8963706/senior-manager-credit-risk-analysis-riverwoods-il/,1,"Riverwoods, IL","Senior Manager, Credit Risk Analysis",0,0,0,0,0,0,0,5,0,0,0,0,0,0,6,0,0,0,0,0,0,0,0,0,0,1,4,1,0,0,0,0,0,1,0,0,0,0,0,0,0,0,0,0,0,0,4,0,0,0,0,0,0,0,0,0,0,0,2,0,0,1,0,0,0,0,0,0,0,0,0,0,0,0,0,0,0,0,0,0
206, P196611,Discover Financials,https://jobs.discover.com/job/8956098/senior-lean-process-improvement-project-manager-riverwoods-il/,1,"Riverwoods, IL",Senior LEAN Process Improvement Project Manager,0,0,0,0,0,0,0,6,0,0,0,0,0,0,0,0,0,0,1,0,0,0,0,1,0,0,5,0,0,0,0,0,0,0,0,0,0,2,0,0,0,0,0,0,0,0,2,2,0,0,0,0,0,0,1,0,0,0,0,0,0,0,0,0,0,0,0,0,0,0,4,1,0,0,0,1,0,0,0,0
207, P196612,Discover Financials,https://jobs.discover.com/job/8904645/lean-process-improvement-project-manager-riverwoods-il/,1,"Riverwoods, IL",LEAN Process Improvement Project Manager,0,0,0,0,0,0,0,2,0,0,0,0,0,0,0,0,0,2,1,0,0,0,0,0,1,0,4,0,0,0,0,0,0,0,0,0,0,0,0,0,0,0,0,0,0,0,0,2,0,0,1,0,0,0,0,0,0,0,0,0,0,0,0,0,0,0,0,0,0,0,3,1,0,0,0,0,0,0,0,0
208, P162475_S3,Discover Financials,https://jobs.discover.com/job/8901030/human-resources-operations-consultant-riverwoods-il/,1,"Riverwoods, IL",Human Resources Operations Consultant,0,0,0,0,0,0,0,0,0,0,0,0,0,0,0,0,0,0,0,0,0,0,0,0,2,0,4,0,0,0,0,0,0,0,0,0,0,0,0,0,1,1,0,0,0,0,2,1,1,0,0,0,0,0,1,0,0,0,0,0,0,0,0,1,0,0,0,0,0,0,0,0,0,0,0,0,0,2,0,0
209, P164991_S2,Discover Financials,https://jobs.discover.com/job/8948884/consumer-banking-support-associate-riverwoods-il/,1,"Riverwoods, IL",Consumer Banking Support Associate,0,0,0,0,0,0,0,0,0,0,0,0,0,0,0,0,0,0,1,0,0,0,0,1,1,0,3,0,0,0,0,0,0,0,0,0,0,0,0,0,0,0,0,0,0,0,3,0,1,0,0,0,0,0,0,0,0,0,0,0,1,1,0,0,0,0,0,0,0,0,3,0,0,0,1,1,0,0,0,0
210, P197359,Discover Financials,https://jobs.discover.com/job/8948890/devops-engineer-chicago-il/,1,"Chicago, IL",DevOps Engineer,0,0,0,0,0,0,2,0,0,0,0,0,0,0,1,0,0,0,4,0,0,0,0,0,0,0,3,0,0,0,0,0,0,0,0,0,0,0,0,0,0,0,0,0,0,0,0,0,0,0,0,0,0,0,0,0,0,0,0,0,1,0,0,0,0,0,0,0,0,0,0,0,0,0,0,0,0,0,0,0
211, P197341,Discover Financials,https://jobs.discover.com/job/8948887/technical-business-analyst-riverwoods-il/,1,"Riverwoods, IL",Technical Business Analyst,0,0,0,1,0,0,0,11,0,0,0,0,0,0,0,0,0,10,1,0,0,0,0,0,1,0,2,0,0,0,0,0,0,2,0,0,0,0,0,0,0,0,0,0,0,0,1,1,0,0,0,0,0,0,0,0,0,0,0,0,0,0,0,0,1,1,0,0,0,0,0,0,0,0,0,0,0,2,0,0
212, P136304_S1,Discover Financials,https://jobs.discover.com/job/8832782/service-reliability-engineer-riverwoods-il/,1,"Riverwoods, IL",Service Reliability Engineer,0,0,0,0,0,0,0,1,0,0,0,1,0,0,0,0,0,1,1,0,0,0,0,0,0,0,2,0,0,0,0,0,0,0,0,2,0,1,0,0,0,0,0,0,0,0,1,0,0,0,0,1,0,0,0,0,0,0,0,0,0,0,0,0,0,0,0,0,0,0,0,1,0,0,0,0,0,2,0,0
213,b ID: 46127,Discover Financials,https://jobs.discover.com/job/8945751/senior-credit-risk-analyst-riverwoods-il/,1,"Riverwoods, IL",Senior Credit Risk Analyst,0,0,0,0,0,0,0,7,0,0,0,0,0,0,4,0,0,0,2,0,0,0,0,0,0,0,6,1,0,0,0,0,0,1,0,0,0,1,0,0,0,1,0,0,0,2,3,0,0,0,0,0,0,0,2,0,0,0,1,0,0,0,0,0,0,0,0,1,0,0,0,0,0,0,0,0,0,0,0,0
214,: P91475_S2,Discover Financials,https://jobs.discover.com/job/8945756/senior-corporate-strategy-development-consultant-riverwoods-il/,1,"Riverwoods, IL",Senior Corporate Strategy & Development Consultant,0,0,0,0,0,0,0,2,0,0,0,0,0,4,0,0,0,0,2,0,0,0,0,1,0,0,4,0,0,0,0,0,0,0,0,0,0,0,1,0,0,0,0,0,0,0,1,0,0,0,1,0,0,0,0,0,0,0,0,0,0,0,0,0,0,0,0,0,0,0,0,0,0,0,0,0,0,0,0,0
215, P196812,Discover Financials,https://jobs.discover.com/job/8940318/programmer-mainframe-riverwoods-il/,1,"Riverwoods, IL",Programmer (Mainframe),0,0,0,0,0,0,1,0,0,0,0,0,0,0,0,0,0,0,3,0,0,0,0,0,0,0,3,0,0,0,0,0,0,0,0,0,0,0,0,0,0,0,0,0,0,0,0,0,0,0,0,0,0,0,0,0,0,0,0,0,0,1,0,0,0,0,0,0,0,0,0,0,0,0,0,0,0,1,0,0
216, P127063_S2,Discover Financials,https://jobs.discover.com/job/8940314/digital-content-marketing-strategist-editor-riverwoods-il/,1,"Riverwoods, IL",Digital Content Marketing Strategist & Editor,0,0,0,0,1,0,0,5,0,0,0,0,0,0,0,0,0,0,0,3,0,0,0,0,1,0,6,0,0,0,0,0,0,0,0,0,0,2,0,0,0,2,0,0,0,0,0,0,1,0,0,0,0,0,0,0,0,0,0,0,0,1,0,0,0,0,2,0,0,0,0,0,0,1,0,0,0,0,0,0
217, P136924,Discover Financials,https://jobs.discover.com/job/8716439/sr-mgr-global-network-analytics-houston-tx/,1,"Houston, TX","Sr Mgr, Global Network Analytics",0,0,0,2,0,0,0,2,0,0,0,0,0,0,0,0,0,12,1,0,0,0,0,0,0,0,2,0,4,0,0,0,0,2,0,0,0,0,0,0,0,0,0,0,0,0,2,1,0,0,0,2,0,0,0,0,0,0,0,0,0,0,0,0,2,0,0,0,0,0,1,0,0,0,0,0,0,0,0,4
218, P110117_S2,Discover Financials,https://jobs.discover.com/job/8718265/agile-product-manager-business-analyst-houston-tx/,1,"Houston, TX",AGILE Product Manager/Business Analyst,0,0,0,0,0,0,0,12,0,0,0,0,0,0,0,0,0,0,2,0,0,0,0,0,1,0,3,0,0,0,0,0,0,0,0,0,0,0,0,0,0,0,0,0,0,0,4,0,1,0,0,0,0,0,0,0,0,0,0,0,5,2,0,0,0,0,0,0,0,0,0,0,0,0,0,3,0,2,0,0
219, P101857,Discover Financials,https://jobs.discover.com/job/8932743/principal-programmer-riverwoods-il/,1,"Riverwoods, IL",Principal Programmer,0,0,0,0,0,0,0,5,0,0,1,0,0,0,0,0,0,1,5,0,0,0,0,0,0,0,3,1,0,0,0,0,0,0,0,0,0,0,0,0,1,0,0,0,0,0,1,0,0,0,0,0,0,0,0,0,0,0,0,0,2,1,0,0,0,0,0,0,0,0,0,1,0,0,0,1,0,1,0,0
220, P191326,Discover Financials,https://jobs.discover.com/job/8395210/senior-quality-engineering-architect-riverwoods-il/,1,"Riverwoods, IL",Senior Quality Engineering Architect,0,0,0,0,0,0,0,1,0,0,0,0,0,0,0,0,0,1,6,0,0,0,0,0,1,0,3,0,0,0,0,0,0,0,0,0,0,0,0,0,0,0,0,0,0,0,3,0,1,0,0,0,0,0,0,0,0,0,0,0,4,18,0,0,0,0,1,0,0,0,3,4,0,0,0,2,0,4,0,0
221, P194586,Discover Financials,https://jobs.discover.com/job/8694082/lead-software-developer-riverwoods-il/,1,"Riverwoods, IL",Lead Software Developer,0,0,0,0,0,2,0,5,0,0,0,0,0,0,0,0,0,0,4,0,0,0,0,0,0,0,3,0,0,0,0,0,0,0,0,0,0,0,0,0,0,0,0,0,0,0,2,0,0,0,0,0,0,0,0,0,0,0,0,0,3,1,0,0,0,0,0,0,0,0,0,0,0,0,0,0,0,0,0,0
222, P196813,Discover Financials,https://jobs.discover.com/job/8924174/lead-programmer-c-riverwoods-il/,1,"Riverwoods, IL",Lead Programmer (C++),0,0,0,0,0,0,1,3,0,0,0,0,0,0,0,0,0,0,2,0,0,0,0,0,1,0,3,0,0,0,0,0,0,0,0,0,0,0,0,0,0,0,0,0,0,0,0,0,0,0,0,0,0,0,0,0,0,0,0,0,1,1,0,0,0,0,0,0,0,0,0,0,0,0,0,0,0,1,0,0
223, P195898,Discover Financials,https://jobs.discover.com/job/8919785/senior-developer-dialer-engineering-remote/,1,Remote,Senior Developer – Dialer Engineering,0,0,0,0,0,0,0,1,0,0,0,0,0,0,0,0,0,0,2,0,0,0,0,0,0,0,3,0,0,0,0,0,0,0,0,1,0,1,0,0,0,0,0,0,0,0,1,0,0,0,0,0,0,0,0,0,0,0,0,0,0,0,0,0,0,0,0,0,0,0,0,0,0,0,0,1,0,1,0,0
224, P197015,Discover Financials,https://jobs.discover.com/job/8919789/principal-fraud-analytics-management-riverwoods-il/,1,"Riverwoods, IL",Principal Fraud Analytics Management,0,0,0,2,0,0,0,2,0,0,0,0,0,0,1,0,0,3,1,0,0,0,0,0,0,0,5,0,10,0,0,0,0,0,0,0,0,0,0,0,0,0,0,0,0,0,4,0,0,0,0,0,0,0,1,0,0,0,0,0,0,0,0,0,0,0,0,0,0,2,2,0,0,0,0,0,0,0,0,0
225, P197016,Discover Financials,https://jobs.discover.com/job/8919790/lead-fraud-detection-analyst-riverwoods-il/,1,"Riverwoods, IL",Lead Fraud Detection Analyst,0,0,0,1,0,0,0,1,0,0,0,0,0,0,0,0,0,2,0,0,0,0,0,0,0,0,3,0,8,0,0,0,0,0,0,0,0,0,0,0,0,0,0,0,0,0,1,0,0,0,0,0,0,0,0,0,0,0,0,0,0,0,0,0,0,0,0,0,0,0,0,0,0,0,0,0,0,0,0,0
226, P195899,Discover Financials,https://jobs.discover.com/job/8919786/enterprise-outbound-dialer-platform-engineer-remote/,1,Remote,Enterprise Outbound Dialer Platform Engineer,0,0,0,0,0,0,0,1,0,0,0,0,0,0,0,0,0,0,1,0,0,0,0,0,0,0,3,0,0,0,0,0,0,0,0,0,0,1,0,0,0,0,0,0,0,0,2,0,1,0,0,0,0,0,0,0,0,0,0,0,0,0,0,0,0,0,0,0,0,1,0,0,0,0,0,1,0,2,0,0
227, P165742,Discover Financials,https://jobs.discover.com/job/8913777/tech-lead-core-java-riverwoods-il/,1,"Riverwoods, IL",Tech Lead – Core Java,1,0,0,0,0,0,0,3,0,0,0,0,0,0,0,0,0,1,8,0,0,0,0,0,0,0,3,0,0,0,0,0,0,0,0,1,0,0,0,0,0,0,0,0,0,0,1,0,0,0,0,0,0,0,1,0,0,0,0,0,0,1,0,0,0,0,0,0,0,0,0,0,4,0,0,4,0,2,0,0
228, P103582_S1,Discover Financials,https://jobs.discover.com/job/8915419/ux-ui-designer-phoenix-az/,1,"Phoenix, AZ",UX UI Designer,0,0,0,0,0,0,0,5,0,0,0,0,0,0,0,0,0,0,0,0,0,0,0,0,0,0,3,0,0,0,0,0,0,1,0,0,0,0,0,0,0,0,0,0,0,0,0,1,0,0,0,0,0,0,1,0,0,0,1,0,5,0,0,0,0,1,0,0,0,0,0,3,0,0,0,0,0,2,0,0
229, P157047_S2,Discover Financials,https://jobs.discover.com/job/8915421/senior-accountant-new-castle-de/,1,"New Castle, DE",Senior Accountant,0,0,0,0,0,0,1,5,0,0,0,0,0,2,1,0,0,0,0,0,0,0,0,0,2,5,7,0,0,0,0,0,0,0,0,0,0,1,0,0,0,0,0,0,2,0,3,1,0,0,0,0,0,1,0,0,0,0,0,0,0,1,0,0,2,0,0,0,0,0,0,0,0,0,0,1,0,1,0,0
230, P164419_S1,Discover Financials,https://jobs.discover.com/job/8903230/principal-financial-modeling-riverwoods-il/,1,"Riverwoods, IL",Principal Financial Modeling,0,0,0,0,0,0,0,4,0,0,0,0,0,1,3,0,0,1,1,0,0,0,0,0,0,3,14,0,0,0,0,0,0,0,0,0,0,0,0,0,0,0,0,1,0,3,6,1,0,0,0,0,0,0,0,2,0,0,0,0,0,0,0,1,0,0,0,1,0,0,0,2,0,0,0,0,0,0,0,0
231, P195332,Discover Financials,https://jobs.discover.com/job/8901032/senior-programmer-riverwoods-il/,1,"Riverwoods, IL",Senior Programmer,0,0,0,0,0,0,0,2,0,0,0,0,0,0,0,0,0,1,1,1,0,0,0,0,0,0,2,0,0,0,0,0,0,0,0,1,0,1,0,0,0,0,0,0,0,0,0,0,0,0,0,0,0,0,0,0,0,0,0,0,1,0,0,0,0,0,1,0,0,1,0,0,0,0,0,2,0,1,0,0
232, P189344_S1,Discover Financials,https://jobs.discover.com/job/8901031/manager-legal-operations-technology-riverwoods-il/,1,"Riverwoods, IL","Manager, Legal Operations/Technology",0,0,0,0,0,0,0,2,0,0,0,0,2,0,0,0,0,1,0,0,0,0,0,0,0,0,3,0,0,0,0,0,0,1,0,0,0,1,0,0,0,7,0,0,0,0,2,0,0,0,0,0,0,0,0,0,0,0,0,0,0,1,0,0,0,0,0,0,0,0,0,0,0,0,0,0,0,8,0,0
233, P101736_S1,Discover Financials,https://jobs.discover.com/job/8884323/senior-modeler-riverwoods-il/,1,"Riverwoods, IL",Senior Modeler,0,0,0,2,0,0,0,8,0,0,0,0,0,0,1,0,0,4,1,0,0,0,0,0,0,0,4,0,0,0,0,0,0,1,0,0,0,0,0,0,0,0,0,0,0,0,7,0,0,0,0,0,0,0,0,0,0,1,0,1,0,0,0,0,0,0,0,0,0,0,0,0,0,0,0,0,0,0,0,0
234, P196648,Discover Financials,https://jobs.discover.com/job/8882111/director-marketing-late-stage-strategies-riverwoods-il/,1,"Riverwoods, IL","Director, Marketing – Late Stage Strategies",0,0,0,1,0,0,0,4,0,0,0,0,0,0,2,0,0,0,1,4,1,0,0,0,0,0,4,1,0,0,0,0,0,0,0,1,0,0,0,0,0,0,0,0,0,0,1,0,2,0,2,0,0,0,0,0,0,0,0,0,2,0,0,0,0,0,0,0,0,1,0,0,0,0,0,0,0,0,0,0
235, P151242_S1,Discover Financials,https://jobs.discover.com/job/8882106/lead-aml-systems-administrator-riverwoods-il/,1,"Riverwoods, IL",Lead AML Systems Administrator,0,0,0,2,0,0,0,0,0,0,0,0,0,0,0,0,0,0,0,0,0,0,0,0,0,0,3,0,0,0,0,0,0,2,0,0,0,0,0,0,0,0,0,0,0,0,0,0,0,0,0,0,0,0,2,0,0,0,0,0,1,0,0,0,2,0,0,0,0,0,0,0,0,0,0,4,0,3,0,2
236, P194201,Discover Financials,https://jobs.discover.com/job/8864185/systems-architect-payments-applepay-visa-mastercard-token-riverwoods-il/,1,"Riverwoods, IL","Systems Architect- Payments (ApplePay,Visa/MasterCard Token)",0,0,0,0,0,0,0,1,0,0,0,0,0,0,1,0,0,0,1,0,0,0,0,0,1,0,3,1,0,0,1,0,0,0,0,0,0,0,0,0,1,0,0,0,0,0,1,0,0,0,0,0,0,0,0,2,0,0,0,0,2,1,0,0,0,0,0,0,0,0,0,0,0,0,0,0,0,1,0,0
237, P196201_S1,Discover Financials,https://jobs.discover.com/job/8867886/lead-digital-analytics-riverwoods-il/,1,"Riverwoods, IL",Lead Digital Analytics,0,0,0,5,0,0,0,13,0,0,0,0,0,0,3,0,0,4,2,0,0,0,0,1,0,0,7,1,0,0,0,0,0,0,0,0,0,0,0,0,0,0,0,0,0,0,4,0,0,0,0,0,0,0,0,1,0,0,0,0,0,0,0,0,0,1,0,0,0,0,0,0,0,0,0,0,0,0,0,0
238, P190697,Discover Financials,https://jobs.discover.com/job/8757338/procurement-to-payment-systems-administrator-riverwoods-il/,1,"Riverwoods, IL",Procurement to Payment Systems Administrator,0,0,0,0,0,0,1,8,0,0,0,0,0,2,0,0,0,0,0,0,0,0,0,0,2,0,4,0,0,0,0,0,0,0,0,0,0,3,0,0,0,0,0,0,0,0,3,0,1,0,0,0,0,2,0,0,0,0,0,0,0,0,0,0,2,0,0,0,0,0,0,1,0,0,0,4,0,1,0,0
239,b ID: 45774,Discover Financials,https://jobs.discover.com/job/8867885/customer-service-expert-west-valley-city-ut/,1,"West Valley City, UT",Customer Service Expert,0,0,0,0,0,0,0,0,0,0,0,0,0,0,1,0,0,0,0,0,0,0,0,0,0,0,4,0,0,0,0,0,0,0,0,0,0,0,0,0,0,0,0,0,0,0,0,0,0,0,0,0,0,0,0,0,0,0,0,0,0,0,0,0,0,0,0,0,0,0,0,7,0,0,0,2,0,0,0,0
240,b ID: 45757,Discover Financials,https://jobs.discover.com/job/8854170/am-shift-part-time-customer-service-west-valley-city-ut/,1,"West Valley City, UT",AM Shift – Part Time Customer Service,0,0,0,0,0,0,0,0,0,0,0,0,0,0,0,0,0,1,0,0,0,0,0,0,0,0,4,0,0,0,0,0,0,2,0,0,0,0,0,0,0,0,0,0,0,0,0,0,0,0,0,0,0,0,0,0,0,0,0,0,0,0,0,0,0,0,0,0,0,0,2,4,0,0,0,3,0,0,0,0
241, P127942_S1,Discover Financials,https://jobs.discover.com/job/8854175/sr-manager-capital-planning-riverwoods-il/,1,"Riverwoods, IL","Sr. Manager, Capital Planning",0,0,0,0,0,0,0,3,0,0,0,0,0,1,0,0,0,2,3,0,0,0,0,0,0,0,7,0,0,0,0,0,0,0,0,0,0,2,0,0,0,0,0,0,0,1,4,1,0,0,0,0,0,0,0,0,0,0,0,0,0,0,0,3,0,0,0,0,0,0,3,0,0,0,0,0,0,1,0,0
242, P128544_S4,Discover Financials,https://jobs.discover.com/job/8847816/database-systems-architect-riverwoods-il/,1,"Riverwoods, IL",Database Systems Architect,0,0,0,0,0,0,0,13,0,0,0,0,0,0,0,0,0,1,3,0,0,0,0,0,0,0,3,0,0,0,0,0,0,3,0,0,0,0,0,0,0,0,0,0,0,0,7,0,1,0,0,0,0,0,1,0,1,0,0,0,1,0,0,1,0,0,0,0,0,0,1,0,0,0,0,2,0,9,0,0
243, P163264_S1,Discover Financials,https://jobs.discover.com/job/8843006/project-manager-modeling-phoenix-az/,1,"Phoenix, AZ","Project Manager, Modeling",0,0,0,2,0,0,0,7,0,0,0,0,0,0,2,0,0,4,0,0,0,0,0,0,1,0,4,0,4,0,0,0,0,1,0,0,0,0,0,0,0,0,0,0,0,1,3,0,0,0,1,0,0,0,0,0,0,2,1,0,0,0,0,1,0,0,0,0,0,0,0,0,0,0,0,0,0,2,0,0
244, P256132_S4,Discover Financials,https://jobs.discover.com/job/8840091/project-manager-portfolio-riverwoods-il/,1,"Riverwoods, IL","Project Manager, Portfolio",0,0,0,0,0,0,0,7,0,0,0,0,0,0,4,0,0,0,2,0,0,0,0,0,0,0,7,0,0,0,0,0,0,1,0,0,0,1,0,0,0,1,0,0,0,2,3,0,0,0,0,0,0,0,2,0,0,0,1,0,0,0,0,0,0,0,0,1,0,0,0,0,0,0,0,0,0,0,0,0
245,b ID: 45687,Discover Financials,https://jobs.discover.com/job/8836675/senior-java-developer-riverwoods-il/,1,"Riverwoods, IL",Senior Java Developer,0,0,0,0,0,0,0,0,1,0,0,0,0,0,2,0,0,0,3,0,0,0,0,0,0,0,3,1,0,0,1,0,0,0,0,0,0,0,0,0,1,0,0,0,2,0,1,0,0,0,0,0,0,0,0,0,0,0,0,0,2,1,0,0,0,0,0,0,0,0,0,0,0,0,0,0,0,0,0,0
246,b ID: 45686,Discover Financials,https://jobs.discover.com/job/8836674/java-developer-riverwoods-il/,1,"Riverwoods, IL",Java Developer,0,0,0,0,0,0,0,0,1,0,0,0,0,0,2,0,0,0,3,0,0,0,0,0,0,0,3,1,0,0,1,0,0,0,0,0,0,0,0,0,1,0,0,0,2,0,1,0,0,0,0,0,0,0,0,0,0,0,0,0,2,1,0,0,0,0,0,0,0,0,0,0,0,0,0,0,0,0,0,0
247,: P26478_S3,Discover Financials,https://jobs.discover.com/job/8831358/lead-risk-operations-program-management-riverwoods-il/,1,"Riverwoods, IL",Lead Risk Operations Program Management,0,0,0,0,0,0,0,3,0,0,0,0,0,0,0,0,0,0,1,0,0,0,0,0,0,0,7,0,0,0,0,0,0,2,0,0,0,1,0,0,0,0,0,0,0,0,2,0,0,0,0,0,0,0,1,0,0,0,0,0,0,0,0,1,1,0,0,0,0,0,0,0,0,0,0,0,0,0,0,0
248, P136033_S1,Discover Financials,https://jobs.discover.com/job/8826194/payments-pricing-project-manager-riverwoods-il/,1,"Riverwoods, IL",Payments Pricing Project Manager,0,0,0,1,0,0,0,11,0,0,0,0,0,0,0,0,0,1,1,0,0,0,0,0,1,0,5,0,0,0,3,0,0,1,0,0,0,2,0,0,1,0,0,0,0,0,7,0,0,0,0,3,0,0,1,4,0,3,0,21,1,0,0,1,1,0,0,3,0,0,0,0,0,0,0,1,0,0,0,2
249, P193541,Discover Financials,https://jobs.discover.com/job/8822606/manager-credit-risk-analysis-riverwoods-il/,1,"Riverwoods, IL",Manager Credit Risk Analysis,0,0,0,1,0,0,0,9,0,0,0,0,0,0,4,0,0,0,2,0,0,0,0,0,0,0,6,0,0,0,0,0,0,1,0,0,0,1,0,0,0,1,0,0,0,2,4,0,0,0,0,0,0,0,2,0,0,0,1,0,0,0,0,0,0,0,0,1,0,0,0,0,0,0,0,0,0,0,0,0
250, P121147_S1,Discover Financials,https://jobs.discover.com/job/8815176/director-strategic-merchant-relations-riverwoods-il/,1,"Riverwoods, IL","Director, Strategic Merchant Relations",0,0,0,0,0,0,0,2,0,0,0,0,0,0,1,0,0,0,0,0,0,0,0,0,0,0,3,0,0,0,2,0,0,0,0,0,0,2,0,0,0,0,0,0,0,0,4,0,1,0,0,0,0,0,0,1,0,0,0,1,0,0,0,0,0,0,0,0,0,0,3,1,0,0,0,0,0,0,0,0
251,b ID: 45570,Discover Financials,https://jobs.discover.com/job/8811613/manager-analytics-ihm-riverwoods-il/,1,"Riverwoods, IL","Manager, Analytics- IHM",0,0,0,2,0,0,0,8,0,0,0,0,0,0,0,0,0,4,0,0,0,0,0,0,0,1,2,0,0,0,0,0,0,0,0,0,0,0,0,0,0,0,0,0,0,0,2,0,0,0,0,0,0,0,0,0,0,0,1,0,0,0,0,0,0,0,0,0,0,0,0,0,0,0,0,0,0,0,0,0
252, P195777,Discover Financials,https://jobs.discover.com/job/8807950/director-campus-recruiting-riverwoods-il/,1,"Riverwoods, IL",Director Campus Recruiting,0,0,0,0,0,0,0,4,0,0,0,0,0,0,0,0,0,0,0,0,0,0,0,0,0,0,2,0,0,0,2,0,0,0,0,0,0,0,1,0,0,0,0,0,0,0,3,0,0,0,0,0,0,0,0,0,0,0,0,0,0,2,0,1,0,0,0,0,0,0,1,2,0,0,0,0,0,1,0,0
253, P177520_S1,Discover Financials,https://jobs.discover.com/job/8807948/manager-professional-services-management-riverwoods-il/,1,"Riverwoods, IL",Manager Professional Services Management,0,0,0,0,0,0,0,5,0,0,0,0,1,0,0,0,0,0,0,0,0,0,0,0,0,0,5,0,0,0,0,0,0,0,0,0,0,0,0,0,0,0,0,0,0,0,6,0,0,0,0,0,0,0,0,0,0,0,0,0,0,0,0,0,0,0,0,0,0,0,0,0,0,0,0,0,0,0,0,0
254, P182279_S1,Discover Financials,https://jobs.discover.com/job/8785653/manager-collection-analytics-riverwoods-il/,1,"Riverwoods, IL","Manager, Collection Analytics",0,0,0,3,0,0,0,2,0,0,1,0,0,0,2,0,0,0,1,0,0,0,0,0,0,0,5,0,0,0,0,0,0,0,0,0,0,0,0,0,1,0,0,0,0,0,4,1,0,0,0,0,0,0,0,1,0,0,2,0,0,1,0,0,0,1,0,0,0,0,0,0,0,0,0,0,0,0,0,0
255, P195087,Discover Financials,https://jobs.discover.com/job/8787172/processing-clerk-salt-lake-city-ut/,1,"Salt Lake City, UT",Processing Clerk,0,0,0,0,0,0,0,0,0,0,0,0,0,0,0,0,0,1,0,0,0,0,0,0,0,0,2,0,0,0,0,0,0,1,0,0,0,0,0,0,0,0,0,0,0,0,1,0,0,0,0,0,0,0,0,0,0,0,0,0,0,2,0,0,0,1,0,0,0,1,0,0,0,0,0,0,0,0,0,0
256,b ID: 45429,Discover Financials,https://jobs.discover.com/job/8763758/consultant-database-engineer-ihm-riverwoods-il/,1,"Riverwoods, IL","Consultant, Database Engineer- IHM",0,0,0,0,0,0,0,0,0,0,0,0,0,1,0,0,0,4,1,0,0,0,0,0,1,0,2,0,0,0,0,0,0,1,0,0,0,0,0,0,0,0,0,0,0,0,2,0,0,0,0,0,0,0,0,0,0,0,0,0,0,0,0,0,0,0,0,0,0,2,0,0,0,0,0,0,0,1,0,0
257, P127408_S3,Discover Financials,https://jobs.discover.com/job/8765290/consultant-modeling-phoenix-az/,1,"Phoenix, AZ","Consultant, Modeling",0,0,0,2,0,0,0,7,0,0,0,0,0,0,2,0,0,4,0,0,0,0,0,0,1,0,4,0,4,0,0,0,0,1,0,0,0,0,0,0,0,0,0,0,0,1,3,0,0,0,1,0,0,0,0,0,0,2,1,0,0,0,0,1,0,0,0,0,0,0,0,0,0,0,0,0,0,2,0,0
258, P195203,Discover Financials,https://jobs.discover.com/job/8761553/lead-data-engineer-riverwoods-il/,1,"Riverwoods, IL",Lead Data Engineer,0,0,0,0,0,0,0,2,0,0,1,0,0,0,0,0,0,22,4,0,0,0,0,0,1,0,3,0,0,0,0,0,0,1,0,1,0,0,0,0,0,0,0,0,0,0,1,0,0,0,0,0,0,0,0,0,0,0,0,0,0,1,0,0,0,0,0,0,0,0,0,0,0,0,0,0,0,0,0,0
259, P256132_S3,Discover Financials,https://jobs.discover.com/job/8761554/senior-associate-business-analysis-riverwoods-il/,1,"Riverwoods, IL","Senior Associate, Business Analysis",1,0,0,0,0,0,0,3,0,0,0,0,0,0,1,0,0,0,0,0,0,0,0,0,0,0,3,0,0,0,0,0,0,1,0,0,0,0,0,0,0,0,0,0,0,0,3,0,0,0,0,0,0,0,0,0,0,0,0,0,0,0,0,0,0,0,0,0,0,0,2,0,0,0,0,0,0,0,0,0
260,: P26366_S4,Discover Financials,https://jobs.discover.com/job/8755789/project-manager-cma-systems-support-riverwoods-il/,1,"Riverwoods, IL","Project Manager, CMA Systems Support",0,0,0,0,0,0,0,1,0,0,0,0,0,0,0,0,0,0,1,0,0,0,0,0,0,0,2,0,0,0,0,0,0,0,0,0,0,0,0,0,0,0,0,0,0,1,4,1,0,0,0,0,0,0,1,0,0,0,0,0,0,0,0,0,0,0,0,0,0,0,0,0,0,0,0,3,0,1,0,0
261,b ID: 45359,Discover Financials,https://jobs.discover.com/job/8751947/lead-data-engineer-ihm-riverwoods-il/,1,"Riverwoods, IL",Lead Data Engineer-IHM,0,0,0,2,0,0,0,2,0,0,0,0,0,1,0,0,0,4,0,0,0,0,0,0,0,0,2,1,0,0,0,0,0,0,0,4,0,0,0,0,0,0,0,0,0,0,1,0,0,0,0,0,0,0,0,0,0,0,0,0,0,0,0,0,0,1,0,0,0,0,0,0,0,0,0,0,0,4,0,0
262,b ID: 45361,Discover Financials,https://jobs.discover.com/job/8751949/senior-associate-data-engineer-ihm-riverwoods-il/,1,"Riverwoods, IL","Senior Associate, Data Engineer- IHM",0,0,0,0,0,0,0,2,0,0,0,0,0,1,0,0,0,15,3,0,0,0,0,0,1,0,2,0,0,0,0,0,0,0,0,0,0,0,0,0,0,0,0,0,0,0,1,0,0,0,0,0,0,0,0,0,0,0,0,0,0,1,0,0,0,0,0,0,0,0,2,0,0,0,0,0,0,0,0,0
263, P194978,Discover Financials,https://jobs.discover.com/job/8751953/servicenow-cmdb-engineer-riverwoods-il/,1,"Riverwoods, IL",ServiceNow CMDB Engineer,0,0,0,0,0,0,0,3,0,0,0,0,0,0,0,0,0,1,0,0,0,0,0,0,0,0,2,0,0,0,0,0,0,0,0,0,0,1,0,0,0,0,0,0,0,0,14,0,0,0,0,0,0,0,0,0,0,0,0,0,0,0,0,0,0,0,0,0,0,0,1,2,0,0,0,1,0,1,0,0
264, P112103_S1,Discover Financials,https://jobs.discover.com/job/8716437/project-manager-analytics-riverwoods-il/,1,"Riverwoods, IL","Project Manager, Analytics",0,0,0,5,0,0,0,14,0,0,0,0,0,0,4,0,0,4,2,0,0,0,0,1,1,0,7,0,0,0,0,0,0,0,0,0,0,0,0,0,0,0,0,0,0,0,6,0,0,0,0,0,0,0,0,1,0,0,0,0,0,0,0,0,0,1,0,0,0,0,0,0,0,0,0,0,0,0,0,0
265, P159758_S2,Discover Financials,https://jobs.discover.com/job/8617409/marketing-and-analysis-riverwoods-il/,1,"Riverwoods, IL",Marketing and Analysis,0,0,0,1,0,0,0,5,0,0,0,0,0,0,2,0,0,2,2,3,0,0,0,0,0,0,2,0,0,0,0,0,0,0,0,1,0,1,0,0,0,1,0,0,0,0,3,0,0,0,0,0,0,0,0,0,0,0,0,1,1,0,0,0,1,0,0,0,0,0,0,0,0,0,0,0,0,0,0,0
266, P186721_S1,Discover Financials,https://jobs.discover.com/job/8700087/sr-analytics-integration-engineer-riverwoods-il/,1,"Riverwoods, IL",Sr. Analytics Integration Engineer,0,0,0,3,0,0,1,2,0,0,1,0,0,0,0,0,0,7,2,0,0,0,0,0,0,0,3,0,0,0,0,0,0,1,0,1,0,0,0,0,0,0,0,0,0,0,2,0,1,0,0,0,0,0,0,0,0,0,0,0,0,2,0,0,0,0,0,0,0,0,0,0,0,0,0,0,0,3,0,0
267, P154128_S2,Discover Financials,https://jobs.discover.com/job/8698199/project-manager-internal-audit-riverwoods-il/,1,"Riverwoods, IL","Project Manager, Internal Audit",0,0,0,0,0,0,0,2,0,0,1,0,0,1,1,0,0,0,0,0,0,0,0,0,0,0,3,1,0,0,0,0,0,0,0,0,0,7,0,0,0,0,0,0,0,0,3,4,0,0,0,1,0,0,1,0,0,0,0,0,0,1,0,1,0,0,0,0,0,0,0,0,0,0,0,0,0,0,0,0
268,b ID: 45126,Discover Financials,https://jobs.discover.com/job/8694075/senior-manager-programming-riverwoods-il/,1,"Riverwoods, IL","Senior Manager, Programming",0,0,0,0,0,0,0,1,0,0,0,0,0,1,0,0,0,0,3,0,0,0,0,1,0,0,2,0,0,0,0,0,0,0,0,1,0,1,0,0,0,0,0,0,2,0,7,0,2,0,0,0,0,1,0,0,1,0,1,0,0,0,0,0,0,0,0,0,0,3,2,0,0,0,0,2,0,1,0,0
269, P116554_S1,Discover Financials,https://jobs.discover.com/job/8682315/principal-data-analyst-riverwoods-il/,1,"Riverwoods, IL",Principal Data Analyst,1,0,0,6,0,0,0,5,0,0,0,0,0,0,1,0,0,5,1,10,0,0,1,0,1,0,4,0,0,0,0,0,0,0,0,0,0,0,0,0,0,0,0,0,0,0,3,1,0,0,0,1,0,0,0,2,1,0,0,0,1,0,0,0,0,2,0,0,0,0,2,0,0,0,0,0,0,0,0,0
270, P193947,Discover Financials,https://jobs.discover.com/job/8684149/associate-modeler-riverwoods-il/,1,"Riverwoods, IL",Associate Modeler,0,0,0,0,0,0,0,9,1,0,0,0,0,0,4,0,0,2,0,0,0,1,1,0,0,0,4,0,0,0,1,0,0,0,0,0,0,1,0,0,0,0,0,0,0,1,3,0,0,0,1,1,0,0,1,1,1,0,1,0,0,0,0,0,0,0,0,0,0,0,0,0,0,0,0,0,0,0,0,0
271, P193957,Discover Financials,https://jobs.discover.com/job/8684150/associate-data-analyst-riverwoods-il/,1,"Riverwoods, IL",Associate Data Analyst,0,0,0,0,0,0,0,7,1,0,0,0,0,0,8,0,0,1,2,0,0,1,1,0,0,0,7,1,0,0,1,0,0,2,0,0,0,1,0,0,0,0,0,0,2,2,3,0,0,0,1,1,0,0,2,1,1,0,1,0,0,0,0,0,0,0,0,1,0,0,0,0,0,0,0,0,0,0,0,0
272, ID: P91337,Discover Financials,https://jobs.discover.com/job/8674523/operations-and-business-analytics-riverwoods-il/,1,"Riverwoods, IL",Operations and Business Analytics,0,0,0,1,0,0,0,9,0,0,0,0,0,0,0,0,0,3,1,0,0,0,0,0,0,0,3,0,0,0,0,0,0,2,0,0,0,1,0,0,0,0,0,0,0,0,2,1,1,0,0,0,0,0,3,0,0,0,0,0,0,0,0,0,1,0,0,0,0,0,0,0,0,0,0,0,0,1,0,0
273, P194239,Discover Financials,https://jobs.discover.com/job/8674522/manager-modeling-riverwoods-il/,1,"Riverwoods, IL","Manager, Modeling",0,0,0,3,0,0,0,2,0,0,0,0,0,0,2,0,0,2,0,0,0,0,0,0,0,0,2,0,0,0,0,0,0,0,0,0,0,1,0,0,0,0,1,0,0,0,4,0,0,0,0,0,0,0,0,0,0,0,1,0,0,1,0,0,0,0,0,0,0,0,1,0,0,0,0,0,0,1,0,0
274, P193508_S1,Discover Financials,https://jobs.discover.com/job/8669053/2019-business-technology-college-hire-program-undergraduate-software-developer-riverwoods-il/,1,"Riverwoods, IL",2019 Business Technology College Hire Program (Undergraduate) – Software Developer,0,0,0,0,0,0,0,7,1,0,0,0,0,0,1,0,0,0,1,0,0,1,1,1,0,0,3,0,0,0,1,0,0,2,0,0,0,0,0,0,0,0,0,0,0,0,2,0,0,0,1,1,0,0,0,1,1,0,0,0,0,0,0,0,0,0,0,0,0,0,0,0,0,0,0,0,0,4,0,0
275, P193459_S1,Discover Financials,https://jobs.discover.com/job/8659221/2019-business-technology-internship-program-ba-pm-or-scrum-master-undergraduate-riverwoods-il/,1,"Riverwoods, IL",2019 Business Technology Internship Program – BA/PM or Scrum Master (Undergraduate),0,0,0,0,0,0,0,6,1,0,0,0,0,0,1,0,0,0,1,0,0,1,1,1,0,0,3,0,0,0,2,0,0,2,0,0,0,0,0,0,0,0,0,0,0,0,2,1,0,0,1,1,0,0,0,1,1,0,0,0,0,0,0,0,0,0,0,0,0,0,0,0,0,0,0,0,0,2,0,0
276, P193516_S1,Discover Financials,https://jobs.discover.com/job/8659222/2019-business-technology-college-hire-program-ba-pm-or-scrum-master-undergraduate-riverwoods-il/,1,"Riverwoods, IL",2019 Business Technology College Hire Program – BA/PM or Scrum Master (Undergraduate),0,0,0,0,0,0,0,7,1,0,0,0,0,0,1,0,0,0,1,0,0,1,1,1,0,0,3,0,0,0,1,0,0,2,0,0,0,0,0,0,0,0,0,0,0,0,2,1,0,0,1,1,0,0,0,1,1,0,0,0,0,0,0,0,0,0,0,0,0,0,0,0,0,0,0,0,0,4,0,0
277, P193895,Discover Financials,https://jobs.discover.com/job/8655346/2019-analytics-internship-program-undergraduate-riverwoods-il/,1,"Riverwoods, IL",2019 Analytics Internship Program (Undergraduate),0,0,0,0,0,0,0,2,0,0,0,0,0,0,1,0,0,3,1,0,0,0,0,1,0,0,3,0,1,0,0,0,0,1,0,0,0,0,0,0,0,0,0,0,0,1,1,0,1,0,1,0,0,0,0,0,0,1,0,0,0,0,0,0,0,0,0,0,0,0,1,0,0,0,0,0,0,0,0,0
278, P193889,Discover Financials,https://jobs.discover.com/job/8647652/lead-cybersecurity-analyst-riverwoods-il/,1,"Riverwoods, IL",Lead Cybersecurity Analyst,0,0,0,1,0,0,0,0,0,0,0,0,0,0,0,0,0,7,0,0,0,0,0,0,0,0,2,0,0,0,0,0,0,6,0,0,2,0,0,0,0,0,0,0,0,0,1,0,0,0,0,0,0,1,2,0,0,0,0,0,0,1,0,0,0,0,0,0,0,18,0,0,0,0,0,0,0,0,0,0
279, P102235_S1,Discover Financials,https://jobs.discover.com/job/8649952/project-mgr-model-risk-managment-riverwoods-il/,1,"Riverwoods, IL","Project Mgr, Model Risk Managment",0,0,0,0,0,0,0,1,0,0,0,0,0,0,2,0,0,2,0,0,0,0,0,0,0,0,4,0,1,0,0,0,0,1,0,0,0,0,0,0,0,0,0,0,0,2,5,1,0,0,0,0,0,0,0,0,0,0,0,0,0,0,0,0,0,2,0,1,0,0,0,0,0,0,0,0,0,0,0,0
280, P176896_S4,Discover Financials,https://jobs.discover.com/job/8649953/senior-full-stack-engineer-riverwoods-il/,1,"Riverwoods, IL",Senior Full Stack Engineer,0,0,0,0,0,0,0,2,0,0,0,0,0,0,0,0,0,0,2,0,0,0,0,0,0,0,2,0,0,0,0,0,0,0,0,1,0,0,0,0,0,0,0,0,0,0,0,0,0,0,0,0,0,0,0,0,0,0,0,0,0,0,0,0,1,0,0,0,0,0,1,0,0,0,0,0,0,0,0,0
281, P193933,Discover Financials,https://jobs.discover.com/job/8645642/2019-marketing-mba-leadership-program-mba-riverwoods-il/,1,"Riverwoods, IL",2019 Marketing MBA Leadership Program (MBA),0,0,0,1,0,0,0,1,1,0,0,0,0,0,1,0,0,1,0,2,0,1,1,1,0,0,3,0,0,0,3,0,0,0,0,0,0,0,0,0,0,0,0,0,0,0,1,0,0,0,2,2,0,0,0,1,1,0,0,0,0,0,0,0,0,1,0,0,0,0,1,0,0,0,0,0,0,0,0,0
282, P193926,Discover Financials,https://jobs.discover.com/job/8645641/2019-marketing-mba-internship-program-mba-riverwoods-il/,1,"Riverwoods, IL",2019 Marketing MBA Internship Program (MBA),0,0,0,1,0,0,0,2,1,0,0,0,0,0,1,0,0,1,1,2,0,1,1,1,0,0,3,0,0,0,4,0,0,0,0,0,0,0,0,0,0,0,0,0,0,0,2,0,1,0,2,3,0,0,0,1,1,0,0,0,0,0,0,0,0,1,0,0,0,0,1,0,0,0,0,0,0,0,0,0
283,b ID: 44908,Discover Financials,https://jobs.discover.com/job/8642197/project-manager-credit-risk-product-portfolio-riverwoods-il/,1,"Riverwoods, IL","Project Manager, Credit Risk – Product Portfolio",0,0,0,0,1,0,0,4,0,0,0,0,0,0,4,0,0,3,0,0,0,0,0,0,0,0,4,0,0,0,0,0,0,0,0,0,0,1,0,0,0,0,0,0,0,1,2,0,0,0,0,0,0,0,0,0,0,0,3,0,1,0,0,0,0,0,0,0,0,0,0,0,0,0,0,0,0,0,0,0
284, P193910,Discover Financials,https://jobs.discover.com/job/8642202/2019-analytics-internship-program-graduate-riverwoods-il/,1,"Riverwoods, IL",2019 Analytics Internship Program (Graduate),0,0,0,0,0,0,0,3,1,0,0,0,0,0,2,0,0,3,1,0,0,1,1,1,0,0,4,0,1,0,1,0,0,1,0,0,0,0,0,0,0,0,0,0,0,1,1,0,1,0,2,1,0,0,0,1,1,1,0,0,0,0,0,0,0,0,0,0,0,0,0,0,0,0,0,0,0,0,0,0
285, P193488,Discover Financials,https://jobs.discover.com/job/8631027/2019-business-technology-internship-program-data-analytics-undergraduate-riverwoods-il/,1,"Riverwoods, IL",2019 Business Technology Internship Program – Data Analytics (Undergraduate),0,0,0,2,0,0,0,7,1,0,0,0,0,0,1,0,0,6,2,0,0,1,1,1,0,0,3,0,0,0,2,0,0,2,0,1,0,0,0,0,0,0,0,0,0,0,2,0,0,0,1,1,0,0,0,1,1,0,0,0,0,0,0,0,0,0,0,0,0,0,0,0,0,0,0,0,0,4,0,0
286, P193417_S1,Discover Financials,https://jobs.discover.com/job/8631023/2019-business-technology-college-hire-program-infrastructure-services-engineer-undergraduate-riverwoods-il/,1,"Riverwoods, IL",2019 Business Technology College Hire Program – Infrastructure Services Engineer (Undergraduate),0,0,0,0,0,0,0,5,1,0,0,0,0,0,1,0,0,0,1,0,0,1,1,1,0,0,3,0,0,0,1,1,0,3,0,0,0,0,0,0,0,0,0,0,0,0,5,0,0,0,1,3,0,1,0,1,1,1,0,0,0,0,0,0,0,1,0,0,0,4,0,1,0,0,0,0,0,5,0,2
287, P193469,Discover Financials,https://jobs.discover.com/job/8631025/2019-business-technology-internship-program-cybersecurity-analyst-undergraduate-riverwoods-il/,1,"Riverwoods, IL",2019 Business Technology Internship Program – Cybersecurity Analyst (Undergraduate),0,0,0,0,0,0,0,5,1,0,0,0,0,0,1,0,0,1,1,0,0,1,1,1,0,0,3,0,0,0,2,0,0,2,0,0,0,0,0,0,0,1,0,0,0,0,3,0,0,0,1,1,0,0,0,1,1,0,0,0,0,0,0,0,0,0,0,0,0,3,0,0,0,0,0,1,0,2,0,0
288, P193414,Discover Financials,https://jobs.discover.com/job/8631022/2019-business-technology-college-hire-program-cybersecurity-analyst-undergraduate-riverwoods-il/,1,"Riverwoods, IL",2019 Business Technology College Hire Program – Cybersecurity Analyst (Undergraduate),0,0,0,0,0,0,0,6,1,0,0,0,0,0,1,0,0,1,1,0,0,1,1,1,0,0,3,0,0,0,1,0,0,2,0,0,0,0,0,0,0,1,0,0,0,0,3,0,0,0,1,1,0,0,0,1,1,0,0,0,0,0,0,0,0,0,0,0,0,3,0,0,0,0,0,1,0,4,0,0
289, P193452,Discover Financials,https://jobs.discover.com/job/8631024/2019-business-technology-internship-program-software-developer-undergraduate-riverwoods-il/,1,"Riverwoods, IL",2019 Business Technology Internship Program – Software Developer (Undergraduate),0,0,0,0,0,0,0,6,1,0,0,0,0,0,1,0,0,0,1,0,0,1,1,1,0,0,3,0,0,0,2,0,0,2,0,0,0,0,0,0,0,0,0,0,0,0,2,0,0,0,1,1,0,0,0,1,1,0,0,0,0,0,0,0,0,0,0,0,0,0,0,0,0,0,0,0,0,2,0,0
290, P193476,Discover Financials,https://jobs.discover.com/job/8631026/2019-business-technology-internship-program-infrastructure-services-engineer-undergraduate-riverwoods-il/,1,"Riverwoods, IL",2019 Business Technology Internship Program – Infrastructure Services Engineer (Undergraduate),0,0,0,0,0,0,0,4,1,0,0,0,0,0,1,0,0,0,1,0,0,1,1,1,0,0,3,0,0,0,2,1,0,3,0,0,0,0,0,0,0,0,0,0,0,0,5,0,0,0,1,3,0,1,0,1,1,1,0,0,0,0,0,0,0,1,0,0,0,4,0,1,0,0,0,0,0,3,0,2
291, P169321_S1,Discover Financials,https://jobs.discover.com/job/8613451/fraud-strategy-and-analytics-lead-analyst-riverwoods-il/,1,"Riverwoods, IL",Fraud Strategy and Analytics – Lead Analyst,0,0,0,2,0,0,0,2,0,0,0,0,0,0,2,0,0,0,0,0,0,0,0,0,0,1,6,0,16,0,0,0,0,0,0,0,0,0,0,0,0,0,0,0,2,0,4,0,0,0,0,0,0,0,0,0,2,0,0,0,2,1,0,0,0,0,0,0,0,0,0,0,0,1,0,1,0,1,0,0
292, P170515_S2,Discover Financials,https://jobs.discover.com/job/8605837/digital-marketing-analytics-specialist-riverwoods-il/,1,"Riverwoods, IL",Digital Marketing Analytics Specialist,0,1,0,6,0,0,1,3,0,0,0,0,0,0,2,0,0,6,0,10,0,0,0,0,1,0,6,1,0,0,0,0,0,0,0,0,0,2,0,0,0,0,0,0,0,0,3,0,0,0,0,0,0,0,0,1,0,0,0,0,0,0,0,0,1,0,0,0,0,0,0,0,0,0,0,0,0,2,0,0
293, P192990,Discover Financials,https://jobs.discover.com/job/8588029/2019-consumer-banking-internship-program-undergraduate-riverwoods-il/,1,"Riverwoods, IL",2019 Consumer Banking Internship Program (Undergraduate),0,0,0,0,0,0,0,5,1,0,0,0,0,1,1,0,0,1,1,0,0,1,2,1,0,0,3,0,0,0,1,0,0,0,0,0,0,1,0,0,0,0,0,0,0,0,1,0,1,0,1,1,0,0,0,1,2,0,0,0,0,0,0,0,0,0,0,0,0,0,1,0,0,0,0,0,0,0,0,0
294, ID: P26490,Discover Financials,https://jobs.discover.com/job/8581425/project-manager-scenario-design-analysis-riverwoods-il/,1,"Riverwoods, IL","Project Manager, Scenario Design & Analysis",0,0,0,0,0,0,0,3,0,0,0,0,0,0,0,0,0,0,1,0,0,0,0,0,0,1,6,0,0,0,0,0,0,0,0,0,0,2,0,0,0,0,0,0,0,1,6,0,0,0,0,0,0,0,0,0,0,0,0,0,0,0,0,2,0,0,0,0,0,0,1,0,0,0,0,0,0,0,0,0
295, P117398,Discover Financials,https://jobs.discover.com/job/8571455/lead-network-engineer-wireless-lan-riverwoods-il/,1,"Riverwoods, IL",Lead Network Engineer (Wireless LAN),0,0,0,0,0,0,0,0,0,0,0,0,0,0,0,0,0,2,0,0,0,0,0,0,0,0,2,0,0,0,0,1,0,0,0,0,0,0,0,0,0,0,0,0,0,0,2,0,0,0,0,8,0,0,1,0,0,0,0,0,0,0,0,0,0,0,0,0,0,0,2,1,0,0,0,0,0,0,0,0
296,b ID: 44571,Discover Financials,https://jobs.discover.com/job/8557395/business-technology-enterprise-architecture-governance-professional-chicago-il/,1,"Chicago, IL",Business Technology/Enterprise Architecture Governance Professional,0,0,0,0,0,0,0,4,0,0,0,0,0,0,0,0,0,0,2,0,0,0,0,0,0,0,3,0,0,0,0,0,0,0,0,2,0,0,0,0,0,0,0,0,0,0,3,0,1,0,0,0,0,0,0,1,0,0,0,0,0,0,0,0,0,0,0,0,0,1,0,1,0,0,0,0,0,3,0,0
